image_file,predicted_species,real_species,correct
0030-10.jpg,Amburana cearensis (Allemão) A.C.Sm.,Amburana cearensis (Allemão) A.C.Sm.,1
0030-3.jpg,Amburana cearensis (Allemão) A.C.Sm.,Amburana cearensis (Allemão) A.C.Sm.,1
0030-4.jpg,Amburana cearensis (Allemão) A.C.Sm.,Amburana cearensis (Allemão) A.C.Sm.,1
0030-5.jpg,Amburana cearensis (Allemão) A.C.Sm.,Amburana cearensis (Allemão) A.C.Sm.,1
0030-7.jpg,Amburana cearensis (Allemão) A.C.Sm.,Amburana cearensis (Allemão) A.C.Sm.,1
0030-8.jpg,Amburana cearensis (Allemão) A.C.Sm.,Amburana cearensis (Allemão) A.C.Sm.,1
0030-9.jpg,Amburana cearensis (Allemão) A.C.Sm.,Amburana cearensis (Allemão) A.C.Sm.,1
0034-2.jpg,Anacardium L.,Anacardium L.,1
0034-4.jpg,Daniellia thurifera Benn.,Anacardium L.,0
0034-5.jpg,Anacardium L.,Anacardium L.,1
0034-6.jpg,Anacardium L.,Anacardium L.,1
0034-7.jpg,Anacardium L.,Anacardium L.,1
0034-8.jpg,Anacardium L.,Anacardium L.,1
0034-9.jpg,Anacardium L.,Anacardium L.,1
0070-1.jpg,Bagassa guianensis Aubl.,Bagassa guianensis Aubl.,1
0070-10.jpg,Bagassa guianensis Aubl.,Bagassa guianensis Aubl.,1
0070-2.jpg,Pterocarpus soyauxii Taub.,Bagassa guianensis Aubl.,0
0070-4.jpg,Bagassa guianensis Aubl.,Bagassa guianensis Aubl.,1
0070-8.jpg,Bagassa guianensis Aubl.,Bagassa guianensis Aubl.,1
0070-9.jpg,Bagassa guianensis Aubl.,Bagassa guianensis Aubl.,1
0115-10.jpg,Carapa guianensis Aubl.,Carapa guianensis Aubl.,1
0115-3.jpg,Carapa guianensis Aubl.,Carapa guianensis Aubl.,1
0115-5.jpg,Carapa guianensis Aubl.,Carapa guianensis Aubl.,1
0115-6.jpg,Carapa guianensis Aubl.,Carapa guianensis Aubl.,1
0115-7.jpg,Carapa guianensis Aubl.,Carapa guianensis Aubl.,1
0115-8.jpg,Pterocarpus soyauxii Taub.,Carapa guianensis Aubl.,0
0115-9.jpg,Carapa guianensis Aubl.,Carapa guianensis Aubl.,1
0130-3.jpg,Castanea sativa Mill.,Castanea sativa Mill.,1
0130-4.jpg,Castanea sativa Mill.,Castanea sativa Mill.,1
0130-5.jpg,Castanea sativa Mill.,Castanea sativa Mill.,1
0130-6.jpg,Castanea sativa Mill.,Castanea sativa Mill.,1
0130-7.jpg,Castanea sativa Mill.,Castanea sativa Mill.,1
0130-8.jpg,Castanea sativa Mill.,Castanea sativa Mill.,1
0130-9.jpg,Castanea sativa Mill.,Castanea sativa Mill.,1
0257-1.jpg,Entandrophragma candollei Harms,Entandrophragma candollei Harms,1
0257-10.jpg,Entandrophragma candollei Harms,Entandrophragma candollei Harms,1
0257-11.jpg,Entandrophragma candollei Harms,Entandrophragma candollei Harms,1
0257-2.jpg,Entandrophragma candollei Harms,Entandrophragma candollei Harms,1
0257-4.jpg,Entandrophragma candollei Harms,Entandrophragma candollei Harms,1
0257-6.jpg,Entandrophragma candollei Harms,Entandrophragma candollei Harms,1
0257-7.jpg,Entandrophragma candollei Harms,Entandrophragma candollei Harms,1
0257-8.jpg,Entandrophragma candollei Harms,Entandrophragma candollei Harms,1
0257-9.jpg,Entandrophragma candollei Harms,Entandrophragma candollei Harms,1
0294-11.jpg,Fraxinus excelsior L.,Fraxinus excelsior L.,1
0294-12.jpg,Fraxinus excelsior L.,Fraxinus excelsior L.,1
0294-2.jpg,Fraxinus excelsior L.,Fraxinus excelsior L.,1
0294-3.jpg,Fraxinus excelsior L.,Fraxinus excelsior L.,1
0294-4.jpg,Fraxinus excelsior L.,Fraxinus excelsior L.,1
0294-5.jpg,Fraxinus excelsior L.,Fraxinus excelsior L.,1
0294-8.jpg,Fraxinus excelsior L.,Fraxinus excelsior L.,1
0294-9.jpg,Fraxinus excelsior L.,Fraxinus excelsior L.,1
0301-11.jpg,Gilbertiodendron dewevrei (De Wild.) J.Léonard,Gilbertiodendron dewevrei (De Wild.) J.Léonard,1
0301-12.jpg,Gilbertiodendron dewevrei (De Wild.) J.Léonard,Gilbertiodendron dewevrei (De Wild.) J.Léonard,1
0301-13.jpg,Gilbertiodendron dewevrei (De Wild.) J.Léonard,Gilbertiodendron dewevrei (De Wild.) J.Léonard,1
0301-14.jpg,Gilbertiodendron dewevrei (De Wild.) J.Léonard,Gilbertiodendron dewevrei (De Wild.) J.Léonard,1
0301-3.jpg,Gilbertiodendron dewevrei (De Wild.) J.Léonard,Gilbertiodendron dewevrei (De Wild.) J.Léonard,1
0301-4.jpg,Gilbertiodendron dewevrei (De Wild.) J.Léonard,Gilbertiodendron dewevrei (De Wild.) J.Léonard,1
0301-5.jpg,Gilbertiodendron dewevrei (De Wild.) J.Léonard,Gilbertiodendron dewevrei (De Wild.) J.Léonard,1
0301-6.jpg,Gilbertiodendron dewevrei (De Wild.) J.Léonard,Gilbertiodendron dewevrei (De Wild.) J.Léonard,1
0301-7.jpg,Gilbertiodendron dewevrei (De Wild.) J.Léonard,Gilbertiodendron dewevrei (De Wild.) J.Léonard,1
0301-9.jpg,Gilbertiodendron dewevrei (De Wild.) J.Léonard,Gilbertiodendron dewevrei (De Wild.) J.Léonard,1
0318-13.png,Leplaea cedrata (A.Chev.) E.J.M.Koenen & J.J.de Wilde,Leplaea cedrata (A.Chev.) E.J.M.Koenen & J.J.de Wilde,1
0318-14.png,Leplaea cedrata (A.Chev.) E.J.M.Koenen & J.J.de Wilde,Leplaea cedrata (A.Chev.) E.J.M.Koenen & J.J.de Wilde,1
0318-15.png,Leplaea cedrata (A.Chev.) E.J.M.Koenen & J.J.de Wilde,Leplaea cedrata (A.Chev.) E.J.M.Koenen & J.J.de Wilde,1
0318-16.png,Leplaea cedrata (A.Chev.) E.J.M.Koenen & J.J.de Wilde,Leplaea cedrata (A.Chev.) E.J.M.Koenen & J.J.de Wilde,1
0318-17.png,Leplaea cedrata (A.Chev.) E.J.M.Koenen & J.J.de Wilde,Leplaea cedrata (A.Chev.) E.J.M.Koenen & J.J.de Wilde,1
0318-18.png,Leplaea cedrata (A.Chev.) E.J.M.Koenen & J.J.de Wilde,Leplaea cedrata (A.Chev.) E.J.M.Koenen & J.J.de Wilde,1
0318-2.png,Leplaea cedrata (A.Chev.) E.J.M.Koenen & J.J.de Wilde,Leplaea cedrata (A.Chev.) E.J.M.Koenen & J.J.de Wilde,1
0318-3.png,Leplaea cedrata (A.Chev.) E.J.M.Koenen & J.J.de Wilde,Leplaea cedrata (A.Chev.) E.J.M.Koenen & J.J.de Wilde,1
0318-4.png,Leplaea cedrata (A.Chev.) E.J.M.Koenen & J.J.de Wilde,Leplaea cedrata (A.Chev.) E.J.M.Koenen & J.J.de Wilde,1
0318-5.png,Leplaea cedrata (A.Chev.) E.J.M.Koenen & J.J.de Wilde,Leplaea cedrata (A.Chev.) E.J.M.Koenen & J.J.de Wilde,1
0318-6.png,Leplaea cedrata (A.Chev.) E.J.M.Koenen & J.J.de Wilde,Leplaea cedrata (A.Chev.) E.J.M.Koenen & J.J.de Wilde,1
0318-7.png,Leplaea cedrata (A.Chev.) E.J.M.Koenen & J.J.de Wilde,Leplaea cedrata (A.Chev.) E.J.M.Koenen & J.J.de Wilde,1
0318-8.png,Leplaea cedrata (A.Chev.) E.J.M.Koenen & J.J.de Wilde,Leplaea cedrata (A.Chev.) E.J.M.Koenen & J.J.de Wilde,1
0318-9.png,Leplaea cedrata (A.Chev.) E.J.M.Koenen & J.J.de Wilde,Leplaea cedrata (A.Chev.) E.J.M.Koenen & J.J.de Wilde,1
0396-12.png,Lophira alata Banks ex C.F.Gaertn.,Lophira alata Banks ex C.F.Gaertn.,1
0396-2.png,Lophira alata Banks ex C.F.Gaertn.,Lophira alata Banks ex C.F.Gaertn.,1
0396-3.png,Lophira alata Banks ex C.F.Gaertn.,Lophira alata Banks ex C.F.Gaertn.,1
0396-4.png,Lophira alata Banks ex C.F.Gaertn.,Lophira alata Banks ex C.F.Gaertn.,1
0396-5.png,Lophira alata Banks ex C.F.Gaertn.,Lophira alata Banks ex C.F.Gaertn.,1
0396-6.png,Lophira alata Banks ex C.F.Gaertn.,Lophira alata Banks ex C.F.Gaertn.,1
0396-7.png,Lophira alata Banks ex C.F.Gaertn.,Lophira alata Banks ex C.F.Gaertn.,1
0396-8.png,Lophira alata Banks ex C.F.Gaertn.,Lophira alata Banks ex C.F.Gaertn.,1
0396-9.png,Lophira alata Banks ex C.F.Gaertn.,Lophira alata Banks ex C.F.Gaertn.,1
0426-10.png,Microberlinia brazzavillensis A. Chev.,Microberlinia brazzavillensis A. Chev.,1
0426-14.png,Microberlinia brazzavillensis A. Chev.,Microberlinia brazzavillensis A. Chev.,1
0426-15.png,Microberlinia brazzavillensis A. Chev.,Microberlinia brazzavillensis A. Chev.,1
0426-16.png,Microberlinia brazzavillensis A. Chev.,Microberlinia brazzavillensis A. Chev.,1
0426-2.png,Microberlinia brazzavillensis A. Chev.,Microberlinia brazzavillensis A. Chev.,1
0426-3.png,Microberlinia brazzavillensis A. Chev.,Microberlinia brazzavillensis A. Chev.,1
0426-4.png,Microberlinia brazzavillensis A. Chev.,Microberlinia brazzavillensis A. Chev.,1
0426-5.png,Microberlinia brazzavillensis A. Chev.,Microberlinia brazzavillensis A. Chev.,1
0426-6.png,Microberlinia brazzavillensis A. Chev.,Microberlinia brazzavillensis A. Chev.,1
0426-7.png,Microberlinia brazzavillensis A. Chev.,Microberlinia brazzavillensis A. Chev.,1
0426-8.png,Microberlinia brazzavillensis A. Chev.,Microberlinia brazzavillensis A. Chev.,1
0430-10.png,Milicia excelsa (Welw.) C.C. Berg,Milicia excelsa (Welw.) C.C. Berg,1
0430-2.png,Milicia excelsa (Welw.) C.C. Berg,Milicia excelsa (Welw.) C.C. Berg,1
0430-5.png,Milicia excelsa (Welw.) C.C. Berg,Milicia excelsa (Welw.) C.C. Berg,1
0430-6.png,Milicia excelsa (Welw.) C.C. Berg,Milicia excelsa (Welw.) C.C. Berg,1
0430-7.png,Milicia excelsa (Welw.) C.C. Berg,Milicia excelsa (Welw.) C.C. Berg,1
0430-8.png,Milicia excelsa (Welw.) C.C. Berg,Milicia excelsa (Welw.) C.C. Berg,1
0430-9.png,Erythrophleum ivorense A. Chev,Milicia excelsa (Welw.) C.C. Berg,0
0431-12.png,Millettia laurentii De Wild.,Millettia laurentii De Wild.,1
0431-13.png,Millettia laurentii De Wild.,Millettia laurentii De Wild.,1
0431-15.png,Millettia laurentii De Wild.,Millettia laurentii De Wild.,1
0431-2.png,Millettia laurentii De Wild.,Millettia laurentii De Wild.,1
0431-3.png,Pterygota macrocarpa K. Schum.,Millettia laurentii De Wild.,0
0431-4.png,Millettia laurentii De Wild.,Millettia laurentii De Wild.,1
0431-5.png,Millettia laurentii De Wild.,Millettia laurentii De Wild.,1
0431-6.png,Millettia laurentii De Wild.,Millettia laurentii De Wild.,1
0431-7.png,Millettia laurentii De Wild.,Millettia laurentii De Wild.,1
0431-9.png,Millettia laurentii De Wild.,Millettia laurentii De Wild.,1
0478-10.png,Peltogyne Vogel,Peltogyne Vogel,1
0478-11.png,Peltogyne Vogel,Peltogyne Vogel,1
0478-14.png,Peltogyne Vogel,Peltogyne Vogel,1
0478-15.png,Peltogyne Vogel,Peltogyne Vogel,1
0478-2.png,Peltogyne Vogel,Peltogyne Vogel,1
0478-3.png,Peltogyne Vogel,Peltogyne Vogel,1
0478-5.png,Brachystegia cynometroides Harms,Peltogyne Vogel,0
0478-6.png,Peltogyne Vogel,Peltogyne Vogel,1
0478-7.png,Peltogyne Vogel,Peltogyne Vogel,1
0478-8.png,Peltogyne Vogel,Peltogyne Vogel,1
0478-9.png,Peltogyne Vogel,Peltogyne Vogel,1
0530-3.png,Pterocarpus soyauxii Taub.,Pterocarpus soyauxii Taub.,1
0530-4.png,Pterocarpus soyauxii Taub.,Pterocarpus soyauxii Taub.,1
0530-5.png,Pterocarpus soyauxii Taub.,Pterocarpus soyauxii Taub.,1
0530-6.png,Pterocarpus soyauxii Taub.,Pterocarpus soyauxii Taub.,1
0530-7.png,Erythrophleum ivorense A. Chev,Pterocarpus soyauxii Taub.,0
0530-8.png,Pterocarpus soyauxii Taub.,Pterocarpus soyauxii Taub.,1
0530-9.png,Pterocarpus soyauxii Taub.,Pterocarpus soyauxii Taub.,1
0541-13.png,Pterygota macrocarpa K. Schum.,Pterygota macrocarpa K. Schum.,1
0541-14.png,Pterygota macrocarpa K. Schum.,Pterygota macrocarpa K. Schum.,1
0541-2.png,Pterygota macrocarpa K. Schum.,Pterygota macrocarpa K. Schum.,1
0541-3.png,Pterygota macrocarpa K. Schum.,Pterygota macrocarpa K. Schum.,1
0541-4.png,Pterygota macrocarpa K. Schum.,Pterygota macrocarpa K. Schum.,1
0541-5.png,Pterygota macrocarpa K. Schum.,Pterygota macrocarpa K. Schum.,1
0541-6.png,Pterygota macrocarpa K. Schum.,Pterygota macrocarpa K. Schum.,1
0541-7.png,Pterygota macrocarpa K. Schum.,Pterygota macrocarpa K. Schum.,1
0541-8.png,Pterygota macrocarpa K. Schum.,Pterygota macrocarpa K. Schum.,1
0541-9.png,Pterygota macrocarpa K. Schum.,Pterygota macrocarpa K. Schum.,1
0550-5.png,Quercus mongolica Fisch. ex Ledeb.,Quercus mongolica Fisch. ex Ledeb.,1
0550-6.png,Quercus mongolica Fisch. ex Ledeb.,Quercus mongolica Fisch. ex Ledeb.,1
0550-7.png,Quercus robur L.,Quercus mongolica Fisch. ex Ledeb.,0
0621-10.png,Dipteryx odorata (Aubl.) Forsyth f.,Tectona grandis L.,0
0621-13.png,Tectona grandis L.,Tectona grandis L.,1
0621-3.png,Tectona grandis L.,Tectona grandis L.,1
0621-4.png,Tectona grandis L.,Tectona grandis L.,1
0621-5.png,Tectona grandis L.,Tectona grandis L.,1
0621-6.png,Tectona grandis L.,Tectona grandis L.,1
0621-7.png,Dipteryx odorata (Aubl.) Forsyth f.,Tectona grandis L.,0
0621-8.png,Tectona grandis L.,Tectona grandis L.,1
0621-9.png,Khaya grandifoliola C.DC.,Tectona grandis L.,0
0258-11.jpg,Entandrophragma cylindricum (Sprague) Sprague,Entandrophragma cylindricum (Sprague) Sprague,1
0258-12.jpg,Entandrophragma cylindricum (Sprague) Sprague,Entandrophragma cylindricum (Sprague) Sprague,1
0258-2.jpg,Entandrophragma cylindricum (Sprague) Sprague,Entandrophragma cylindricum (Sprague) Sprague,1
0258-3.jpg,Entandrophragma cylindricum (Sprague) Sprague,Entandrophragma cylindricum (Sprague) Sprague,1
0258-6.jpg,Entandrophragma cylindricum (Sprague) Sprague,Entandrophragma cylindricum (Sprague) Sprague,1
0258-7.jpg,Entandrophragma cylindricum (Sprague) Sprague,Entandrophragma cylindricum (Sprague) Sprague,1
0258-8.jpg,Entandrophragma cylindricum (Sprague) Sprague,Entandrophragma cylindricum (Sprague) Sprague,1
0258-9.jpg,Entandrophragma cylindricum (Sprague) Sprague,Entandrophragma cylindricum (Sprague) Sprague,1
0259-1.jpg,Entandrophragma utile (Dawe & Sprague) Sprague,Entandrophragma utile (Dawe & Sprague) Sprague,1
0259-2.jpg,Entandrophragma utile (Dawe & Sprague) Sprague,Entandrophragma utile (Dawe & Sprague) Sprague,1
0259-6.jpg,Entandrophragma utile (Dawe & Sprague) Sprague,Entandrophragma utile (Dawe & Sprague) Sprague,1
0080-10.jpg,Betula papyrifera Marshall,Betula papyrifera Marshall,1
0080-2.jpg,Betula papyrifera Marshall,Betula papyrifera Marshall,1
0080-4.jpg,Betula papyrifera Marshall,Betula papyrifera Marshall,1
0080-5.jpg,Betula papyrifera Marshall,Betula papyrifera Marshall,1
0080-6.jpg,Betula papyrifera Marshall,Betula papyrifera Marshall,1
0080-7.jpg,Betula papyrifera Marshall,Betula papyrifera Marshall,1
0080-8.jpg,Betula papyrifera Marshall,Betula papyrifera Marshall,1
0080-9.jpg,Betula papyrifera Marshall,Betula papyrifera Marshall,1
0081-1.jpg,Betula pendula Roth,Betula pendula Roth,1
0081-4.jpg,Betula pendula Roth,Betula pendula Roth,1
0081-5.jpg,Betula pendula Roth,Betula pendula Roth,1
0003-10.jpg,Acacia mangium Willd.,Acacia mangium Willd.,1
0003-11.jpg,Acacia mangium Willd.,Acacia mangium Willd.,1
0003-3.jpg,Acacia mangium Willd.,Acacia mangium Willd.,1
0003-4.jpg,Acacia mangium Willd.,Acacia mangium Willd.,1
0003-5.jpg,Acacia mangium Willd.,Acacia mangium Willd.,1
0003-6.jpg,Acacia mangium Willd.,Acacia mangium Willd.,1
0003-7.jpg,Acacia mangium Willd.,Acacia mangium Willd.,1
0003-8.jpg,Acacia mangium Willd.,Acacia mangium Willd.,1
0003-9.jpg,Acacia mangium Willd.,Acacia mangium Willd.,1
0013-5.jpg,Aesculus hippocastanum L.,Aesculus hippocastanum L.,1
0479-10.png,Peltogyne catingae Ducke,Peltogyne catingae Ducke,1
0479-2.png,Peltogyne catingae Ducke,Peltogyne catingae Ducke,1
0479-3.png,Peltogyne catingae Ducke,Peltogyne catingae Ducke,1
0479-4.png,Peltogyne catingae Ducke,Peltogyne catingae Ducke,1
0479-5.png,Peltogyne catingae Ducke,Peltogyne catingae Ducke,1
0479-6.png,Peltogyne catingae Ducke,Peltogyne catingae Ducke,1
0479-8.png,Peltogyne catingae Ducke,Peltogyne catingae Ducke,1
0479-9.png,Peltogyne catingae Ducke,Peltogyne catingae Ducke,1
0480-2.png,Peltogyne mexicana Martínez,Peltogyne mexicana Martínez,1
0480-3.png,Peltogyne mexicana Martínez,Peltogyne mexicana Martínez,1
0480-5.png,Peltogyne mexicana Martínez,Peltogyne mexicana Martínez,1
0480-6.png,Peltogyne mexicana Martínez,Peltogyne mexicana Martínez,1
0480-7.png,Peltogyne mexicana Martínez,Peltogyne mexicana Martínez,1
0480-8.png,Peltogyne mexicana Martínez,Peltogyne mexicana Martínez,1
0480-9.png,Peltogyne mexicana Martínez,Peltogyne mexicana Martínez,1
0613-3.png,Tabebuia rosea (Bert.) DC.,Tabebuia rosea (Bert.) DC.,1
0613-4.png,Tabebuia rosea (Bert.) DC.,Tabebuia rosea (Bert.) DC.,1
0006-10.jpg,Acer platanoides L.,Acer platanoides L.,1
0006-3.jpg,Acer platanoides L.,Acer platanoides L.,1
0006-4.jpg,Acer platanoides L.,Acer platanoides L.,1
0006-5.jpg,Acer platanoides L.,Acer platanoides L.,1
0006-6.jpg,Acer platanoides L.,Acer platanoides L.,1
0006-7.jpg,Acer platanoides L.,Acer platanoides L.,1
0006-8.jpg,Acer platanoides L.,Acer platanoides L.,1
0006-9.jpg,Acer platanoides L.,Acer platanoides L.,1
0007-1.jpg,Acer pseudoplatanus L.,Acer pseudoplatanus L.,1
0007-10.jpg,Acer pseudoplatanus L.,Acer pseudoplatanus L.,1
0007-2.jpg,Acer pseudoplatanus L.,Acer pseudoplatanus L.,1
0007-4.jpg,Acer pseudoplatanus L.,Acer pseudoplatanus L.,1
0007-6.jpg,Acer pseudoplatanus L.,Acer pseudoplatanus L.,1
0007-7.jpg,Acer pseudoplatanus L.,Acer pseudoplatanus L.,1
0007-8.jpg,Acer pseudoplatanus L.,Acer pseudoplatanus L.,1
0007-9.jpg,Acer pseudoplatanus L.,Acer pseudoplatanus L.,1
0461-14.png,Ochroma pyramidale (Cav. ex Lam.) Urb.,Ochroma pyramidale (Cav. ex Lam.) Urb.,1
0461-15.png,Ochroma pyramidale (Cav. ex Lam.) Urb.,Ochroma pyramidale (Cav. ex Lam.) Urb.,1
0461-16.png,Ochroma pyramidale (Cav. ex Lam.) Urb.,Ochroma pyramidale (Cav. ex Lam.) Urb.,1
0461-17.png,Ochroma pyramidale (Cav. ex Lam.) Urb.,Ochroma pyramidale (Cav. ex Lam.) Urb.,1
0461-18.png,Ochroma pyramidale (Cav. ex Lam.) Urb.,Ochroma pyramidale (Cav. ex Lam.) Urb.,1
0461-2.png,Ochroma pyramidale (Cav. ex Lam.) Urb.,Ochroma pyramidale (Cav. ex Lam.) Urb.,1
0461-3.png,Ochroma pyramidale (Cav. ex Lam.) Urb.,Ochroma pyramidale (Cav. ex Lam.) Urb.,1
0461-4.png,Ochroma pyramidale (Cav. ex Lam.) Urb.,Ochroma pyramidale (Cav. ex Lam.) Urb.,1
0461-5.png,Ochroma pyramidale (Cav. ex Lam.) Urb.,Ochroma pyramidale (Cav. ex Lam.) Urb.,1
0461-6.png,Ochroma pyramidale (Cav. ex Lam.) Urb.,Ochroma pyramidale (Cav. ex Lam.) Urb.,1
0461-7.png,Ochroma pyramidale (Cav. ex Lam.) Urb.,Ochroma pyramidale (Cav. ex Lam.) Urb.,1
0461-8.png,Ochroma pyramidale (Cav. ex Lam.) Urb.,Ochroma pyramidale (Cav. ex Lam.) Urb.,1
0461-9.png,Ochroma pyramidale (Cav. ex Lam.) Urb.,Ochroma pyramidale (Cav. ex Lam.) Urb.,1
0323-1.jpg,Guibourtia demeusei (Harms) J.Léonard,Guibourtia demeusei (Harms) J.Léonard,1
0323-10.jpg,Guibourtia demeusei (Harms) J.Léonard,Guibourtia demeusei (Harms) J.Léonard,1
0323-12.jpg,Guibourtia demeusei (Harms) J.Léonard,Guibourtia demeusei (Harms) J.Léonard,1
0323-13.jpg,Guibourtia demeusei (Harms) J.Léonard,Guibourtia demeusei (Harms) J.Léonard,1
0323-14.jpg,Guibourtia demeusei (Harms) J.Léonard,Guibourtia demeusei (Harms) J.Léonard,1
0323-2.jpg,Guibourtia demeusei (Harms) J.Léonard,Guibourtia demeusei (Harms) J.Léonard,1
0323-4.jpg,Guibourtia demeusei (Harms) J.Léonard,Guibourtia demeusei (Harms) J.Léonard,1
0323-6.jpg,Guibourtia demeusei (Harms) J.Léonard,Guibourtia demeusei (Harms) J.Léonard,1
0323-8.jpg,Guibourtia demeusei (Harms) J.Léonard,Guibourtia demeusei (Harms) J.Léonard,1
0323-9.jpg,Guibourtia demeusei (Harms) J.Léonard,Guibourtia demeusei (Harms) J.Léonard,1
0324-1.png,Guibourtia pellegriniana J.Léonard,Guibourtia pellegriniana J.Léonard,1
0324-2.png,Guibourtia pellegriniana J.Léonard,Guibourtia pellegriniana J.Léonard,1
0325-1.jpg,Guibourtia demeusei (Harms) J.Léonard,Guibourtia tessmannii (Harms) J.Léonard,0
0325-11.jpg,Guibourtia tessmannii (Harms) J.Léonard,Guibourtia tessmannii (Harms) J.Léonard,1
0325-13.jpg,Guibourtia tessmannii (Harms) J.Léonard,Guibourtia tessmannii (Harms) J.Léonard,1
0325-3.jpg,Guibourtia tessmannii (Harms) J.Léonard,Guibourtia tessmannii (Harms) J.Léonard,1
0325-4.jpg,Guibourtia tessmannii (Harms) J.Léonard,Guibourtia tessmannii (Harms) J.Léonard,1
0325-5.jpg,Guibourtia tessmannii (Harms) J.Léonard,Guibourtia tessmannii (Harms) J.Léonard,1
0325-6.jpg,Guibourtia tessmannii (Harms) J.Léonard,Guibourtia tessmannii (Harms) J.Léonard,1
0325-7.jpg,Guibourtia tessmannii (Harms) J.Léonard,Guibourtia tessmannii (Harms) J.Léonard,1
0325-8.jpg,Guibourtia tessmannii (Harms) J.Léonard,Guibourtia tessmannii (Harms) J.Léonard,1
0325-9.jpg,Guibourtia tessmannii (Harms) J.Léonard,Guibourtia tessmannii (Harms) J.Léonard,1
0542-12.png,Pycnanthus angolensis (Welw.) Warb.,Pycnanthus angolensis (Welw.) Warb.,1
0542-13.png,Pycnanthus angolensis (Welw.) Warb.,Pycnanthus angolensis (Welw.) Warb.,1
0542-14.png,Pycnanthus angolensis (Welw.) Warb.,Pycnanthus angolensis (Welw.) Warb.,1
0542-15.png,Pycnanthus angolensis (Welw.) Warb.,Pycnanthus angolensis (Welw.) Warb.,1
0542-2.png,Pycnanthus angolensis (Welw.) Warb.,Pycnanthus angolensis (Welw.) Warb.,1
0542-3.png,Pycnanthus angolensis (Welw.) Warb.,Pycnanthus angolensis (Welw.) Warb.,1
0542-4.png,Pycnanthus angolensis (Welw.) Warb.,Pycnanthus angolensis (Welw.) Warb.,1
0542-5.png,Pycnanthus angolensis (Welw.) Warb.,Pycnanthus angolensis (Welw.) Warb.,1
0542-6.png,Pycnanthus angolensis (Welw.) Warb.,Pycnanthus angolensis (Welw.) Warb.,1
0542-7.png,Pycnanthus angolensis (Welw.) Warb.,Pycnanthus angolensis (Welw.) Warb.,1
0542-8.png,Pycnanthus angolensis (Welw.) Warb.,Pycnanthus angolensis (Welw.) Warb.,1
0606-4.png,Swietenia humilis Zucc.,Swietenia humilis Zucc.,1
0606-5.png,Swietenia humilis Zucc.,Swietenia humilis Zucc.,1
0607-2.jpg,Swietenia macrophylla King,Swietenia macrophylla King,1
0607-3.jpg,Swietenia macrophylla King,Swietenia macrophylla King,1
0607-4.jpg,Swietenia macrophylla King,Swietenia macrophylla King,1
0607-5.jpg,Swietenia macrophylla King,Swietenia macrophylla King,1
0607-6.jpg,Swietenia macrophylla King,Swietenia macrophylla King,1
0607-7.jpg,Swietenia macrophylla King,Swietenia macrophylla King,1
0607-8.jpg,Swietenia macrophylla King,Swietenia macrophylla King,1
0607-9.jpg,Swietenia macrophylla King,Swietenia macrophylla King,1
0608-13.jpg,Entandrophragma angolense (Welw.) Panshin,Swietenia mahagoni (L.) Jacq.,0
0608-14.jpg,Swietenia mahagoni (L.) Jacq.,Swietenia mahagoni (L.) Jacq.,1
0608-15.jpg,Swietenia mahagoni (L.) Jacq.,Swietenia mahagoni (L.) Jacq.,1
0608-2.jpg,Swietenia mahagoni (L.) Jacq.,Swietenia mahagoni (L.) Jacq.,1
0608-3.jpg,Swietenia mahagoni (L.) Jacq.,Swietenia mahagoni (L.) Jacq.,1
0608-4.jpg,Swietenia mahagoni (L.) Jacq.,Swietenia mahagoni (L.) Jacq.,1
0608-5.jpg,Swietenia macrophylla King,Swietenia mahagoni (L.) Jacq.,0
0608-6.jpg,Swietenia mahagoni (L.) Jacq.,Swietenia mahagoni (L.) Jacq.,1
0608-7.jpg,Swietenia mahagoni (L.) Jacq.,Swietenia mahagoni (L.) Jacq.,1
0608-8.jpg,Carapa guianensis Aubl.,Swietenia mahagoni (L.) Jacq.,0
0608-9.jpg,Swietenia mahagoni (L.) Jacq.,Swietenia mahagoni (L.) Jacq.,1
0371-14.png,Khaya grandifoliola C.DC.,Khaya grandifoliola C.DC.,1
0371-15.png,Khaya grandifoliola C.DC.,Khaya grandifoliola C.DC.,1
0371-16.png,Khaya grandifoliola C.DC.,Khaya grandifoliola C.DC.,1
0371-17.png,Khaya grandifoliola C.DC.,Khaya grandifoliola C.DC.,1
0371-18.png,Khaya grandifoliola C.DC.,Khaya grandifoliola C.DC.,1
0371-2.png,Khaya grandifoliola C.DC.,Khaya grandifoliola C.DC.,1
0371-3.png,Khaya grandifoliola C.DC.,Khaya grandifoliola C.DC.,1
0371-4.png,Khaya grandifoliola C.DC.,Khaya grandifoliola C.DC.,1
0371-5.png,Khaya grandifoliola C.DC.,Khaya grandifoliola C.DC.,1
0371-6.png,Khaya grandifoliola C.DC.,Khaya grandifoliola C.DC.,1
0371-7.png,Khaya grandifoliola C.DC.,Khaya grandifoliola C.DC.,1
0371-8.png,Khaya grandifoliola C.DC.,Khaya grandifoliola C.DC.,1
0371-9.png,Khaya grandifoliola C.DC.,Khaya grandifoliola C.DC.,1
0372-2.png,Khaya ivorensis A.Chev.,Khaya ivorensis A.Chev.,1
0372-4.png,Khaya ivorensis A.Chev.,Khaya ivorensis A.Chev.,1
0372-5.png,Khaya ivorensis A.Chev.,Khaya ivorensis A.Chev.,1
0372-6.png,Khaya ivorensis A.Chev.,Khaya ivorensis A.Chev.,1
0372-7.png,Khaya ivorensis A.Chev.,Khaya ivorensis A.Chev.,1
0372-8.png,Khaya ivorensis A.Chev.,Khaya ivorensis A.Chev.,1
0372-9.png,Khaya ivorensis A.Chev.,Khaya ivorensis A.Chev.,1
0033-3.jpg,Anacardium excelsum (Bertero & Balb. ex Kunth) Skeels,Anacardium excelsum (Bertero & Balb. ex Kunth) Skeels,1
0033-4.jpg,Anacardium excelsum (Bertero & Balb. ex Kunth) Skeels,Anacardium excelsum (Bertero & Balb. ex Kunth) Skeels,1
0033-5.jpg,Anacardium excelsum (Bertero & Balb. ex Kunth) Skeels,Anacardium excelsum (Bertero & Balb. ex Kunth) Skeels,1
0033-6.jpg,Anacardium excelsum (Bertero & Balb. ex Kunth) Skeels,Anacardium excelsum (Bertero & Balb. ex Kunth) Skeels,1
0033-7.jpg,Anacardium excelsum (Bertero & Balb. ex Kunth) Skeels,Anacardium excelsum (Bertero & Balb. ex Kunth) Skeels,1
0033-8.jpg,Anacardium excelsum (Bertero & Balb. ex Kunth) Skeels,Anacardium excelsum (Bertero & Balb. ex Kunth) Skeels,1
0033-9.jpg,Anacardium excelsum (Bertero & Balb. ex Kunth) Skeels,Anacardium excelsum (Bertero & Balb. ex Kunth) Skeels,1
0035-1.jpg,Anacardium giganteum Hancock ex Engl.,Anacardium giganteum Hancock ex Engl.,1
0035-10.jpg,Anacardium giganteum Hancock ex Engl.,Anacardium giganteum Hancock ex Engl.,1
0035-2.jpg,Anacardium giganteum Hancock ex Engl.,Anacardium giganteum Hancock ex Engl.,1
0035-4.jpg,Anacardium giganteum Hancock ex Engl.,Anacardium giganteum Hancock ex Engl.,1
0035-5.jpg,Anacardium giganteum Hancock ex Engl.,Anacardium giganteum Hancock ex Engl.,1
0035-6.jpg,Anacardium giganteum Hancock ex Engl.,Anacardium giganteum Hancock ex Engl.,1
0035-9.jpg,Anacardium giganteum Hancock ex Engl.,Anacardium giganteum Hancock ex Engl.,1
0129-2.jpg,Castanea crenata Siebold & Zucc.,Castanea crenata Siebold & Zucc.,1
0129-3.jpg,Castanea crenata Siebold & Zucc.,Castanea crenata Siebold & Zucc.,1
0129-4.jpg,Castanea crenata Siebold & Zucc.,Castanea crenata Siebold & Zucc.,1
0129-5.jpg,Castanea crenata Siebold & Zucc.,Castanea crenata Siebold & Zucc.,1
0129-6.jpg,Castanea crenata Siebold & Zucc.,Castanea crenata Siebold & Zucc.,1
0129-7.jpg,Castanea crenata Siebold & Zucc.,Castanea crenata Siebold & Zucc.,1
0129-8.jpg,Castanea crenata Siebold & Zucc.,Castanea crenata Siebold & Zucc.,1
0129-9.jpg,Castanea crenata Siebold & Zucc.,Castanea crenata Siebold & Zucc.,1
0147-2.jpg,Ceiba pentandra (L.) Gaertn.,Ceiba pentandra (L.) Gaertn.,1
0147-3.jpg,Ceiba pentandra (L.) Gaertn.,Ceiba pentandra (L.) Gaertn.,1
0147-4.jpg,Ceiba pentandra (L.) Gaertn.,Ceiba pentandra (L.) Gaertn.,1
0147-5.jpg,Ceiba pentandra (L.) Gaertn.,Ceiba pentandra (L.) Gaertn.,1
0147-6.jpg,Ceiba pentandra (L.) Gaertn.,Ceiba pentandra (L.) Gaertn.,1
0147-7.jpg,Ceiba pentandra (L.) Gaertn.,Ceiba pentandra (L.) Gaertn.,1
0147-8.jpg,Ceiba pentandra (L.) Gaertn.,Ceiba pentandra (L.) Gaertn.,1
0147-9.jpg,Ceiba pentandra (L.) Gaertn.,Ceiba pentandra (L.) Gaertn.,1
0269-12.jpg,Erythrophleum ivorense A. Chev,Erythrophleum ivorense A. Chev,1
0269-13.jpg,Erythrophleum ivorense A. Chev,Erythrophleum ivorense A. Chev,1
0269-14.jpg,Erythrophleum ivorense A. Chev,Erythrophleum ivorense A. Chev,1
0269-2.jpg,Erythrophleum ivorense A. Chev,Erythrophleum ivorense A. Chev,1
0269-3.jpg,Erythrophleum ivorense A. Chev,Erythrophleum ivorense A. Chev,1
0269-4.jpg,Erythrophleum ivorense A. Chev,Erythrophleum ivorense A. Chev,1
0269-5.jpg,Erythrophleum ivorense A. Chev,Erythrophleum ivorense A. Chev,1
0269-7.jpg,Erythrophleum ivorense A. Chev,Erythrophleum ivorense A. Chev,1
0269-8.jpg,Erythrophleum ivorense A. Chev,Erythrophleum ivorense A. Chev,1
0269-9.jpg,Erythrophleum ivorense A. Chev,Erythrophleum ivorense A. Chev,1
0270-12.jpg,Erythrophleum suaveolens (Guill. & Perr.) Brenan,Erythrophleum suaveolens (Guill. & Perr.) Brenan,1
0270-2.jpg,Erythrophleum suaveolens (Guill. & Perr.) Brenan,Erythrophleum suaveolens (Guill. & Perr.) Brenan,1
0270-3.jpg,Erythrophleum suaveolens (Guill. & Perr.) Brenan,Erythrophleum suaveolens (Guill. & Perr.) Brenan,1
0270-4.jpg,Erythrophleum suaveolens (Guill. & Perr.) Brenan,Erythrophleum suaveolens (Guill. & Perr.) Brenan,1
0270-5.jpg,Koompassia malaccensis Maing.,Erythrophleum suaveolens (Guill. & Perr.) Brenan,0
0270-6.jpg,Erythrophleum suaveolens (Guill. & Perr.) Brenan,Erythrophleum suaveolens (Guill. & Perr.) Brenan,1
0270-7.jpg,Erythrophleum suaveolens (Guill. & Perr.) Brenan,Erythrophleum suaveolens (Guill. & Perr.) Brenan,1
0270-9.jpg,Erythrophleum suaveolens (Guill. & Perr.) Brenan,Erythrophleum suaveolens (Guill. & Perr.) Brenan,1
0214-3.jpg,Daniellia thurifera Benn.,Daniellia thurifera Benn.,1
0214-4.jpg,Daniellia thurifera Benn.,Daniellia thurifera Benn.,1
0214-5.jpg,Daniellia thurifera Benn.,Daniellia thurifera Benn.,1
0214-6.jpg,Daniellia thurifera Benn.,Daniellia thurifera Benn.,1
0214-7.jpg,Daniellia thurifera Benn.,Daniellia thurifera Benn.,1
0214-8.jpg,Daniellia thurifera Benn.,Daniellia thurifera Benn.,1
0214-9.jpg,Daniellia thurifera Benn.,Daniellia thurifera Benn.,1
0625-12.png,Terminalia superba Engl.& Diels,Terminalia superba Engl.& Diels,1
0625-3.png,Terminalia superba Engl.& Diels,Terminalia superba Engl.& Diels,1
0625-4.png,Terminalia superba Engl.& Diels,Terminalia superba Engl.& Diels,1
0625-5.png,Terminalia superba Engl.& Diels,Terminalia superba Engl.& Diels,1
0625-6.png,Terminalia superba Engl.& Diels,Terminalia superba Engl.& Diels,1
0625-7.png,Terminalia superba Engl.& Diels,Terminalia superba Engl.& Diels,1
0625-8.png,Terminalia superba Engl.& Diels,Terminalia superba Engl.& Diels,1
0625-9.png,Terminalia superba Engl.& Diels,Terminalia superba Engl.& Diels,1
0293-2.jpg,Fraxinus americana L.,Fraxinus americana L.,1
0293-3.jpg,Fraxinus americana L.,Fraxinus americana L.,1
0293-4.jpg,Fraxinus americana L.,Fraxinus americana L.,1
0293-5.jpg,Fraxinus americana L.,Fraxinus americana L.,1
0293-6.jpg,Fraxinus americana L.,Fraxinus americana L.,1
0293-7.jpg,Fraxinus americana L.,Fraxinus americana L.,1
0293-8.jpg,Fraxinus americana L.,Fraxinus americana L.,1
0293-9.jpg,Fraxinus americana L.,Fraxinus americana L.,1
0297-1.jpg,Fraxinus mandshurica Rupr.,Fraxinus mandshurica Rupr.,1
0297-10.jpg,Fraxinus mandshurica Rupr.,Fraxinus mandshurica Rupr.,1
0297-2.jpg,Fraxinus mandshurica Rupr.,Fraxinus mandshurica Rupr.,1
0297-5.jpg,Fraxinus mandshurica Rupr.,Fraxinus mandshurica Rupr.,1
0297-6.jpg,Fraxinus mandshurica Rupr.,Fraxinus mandshurica Rupr.,1
0297-7.jpg,Fraxinus mandshurica Rupr.,Fraxinus mandshurica Rupr.,1
0297-8.jpg,Fraxinus mandshurica Rupr.,Fraxinus mandshurica Rupr.,1
0297-9.jpg,Fraxinus mandshurica Rupr.,Fraxinus mandshurica Rupr.,1
0295-3.jpg,Fraxinus nigra Marshall,Fraxinus nigra Marshall,1
0295-4.jpg,Fraxinus nigra Marshall,Fraxinus nigra Marshall,1
0295-5.jpg,Fraxinus nigra Marshall,Fraxinus nigra Marshall,1
0295-6.jpg,Fraxinus nigra Marshall,Fraxinus nigra Marshall,1
0295-7.jpg,Fraxinus nigra Marshall,Fraxinus nigra Marshall,1
0295-8.jpg,Fraxinus nigra Marshall,Fraxinus nigra Marshall,1
0295-9.jpg,Fraxinus nigra Marshall,Fraxinus nigra Marshall,1
0296-10.jpg,Fraxinus ornus L.,Fraxinus ornus L.,1
0296-2.jpg,Fraxinus ornus L.,Fraxinus ornus L.,1
0296-3.jpg,Fraxinus ornus L.,Fraxinus ornus L.,1
0296-5.jpg,Fraxinus ornus L.,Fraxinus ornus L.,1
0296-6.jpg,Fraxinus ornus L.,Fraxinus ornus L.,1
0296-7.jpg,Fraxinus ornus L.,Fraxinus ornus L.,1
0296-8.jpg,Fraxinus ornus L.,Fraxinus ornus L.,1
0296-9.jpg,Fraxinus ornus L.,Fraxinus ornus L.,1
0678-1.jpg,Albizia ferruginea (Guill. & Perr.) Benth.,Albizia ferruginea (Guill. & Perr.) Benth.,1
0678-3.jpg,Albizia ferruginea (Guill. & Perr.) Benth.,Albizia ferruginea (Guill. & Perr.) Benth.,1
0678-4.jpg,Albizia ferruginea (Guill. & Perr.) Benth.,Albizia ferruginea (Guill. & Perr.) Benth.,1
0678-5.jpg,Albizia ferruginea (Guill. & Perr.) Benth.,Albizia ferruginea (Guill. & Perr.) Benth.,1
0678-6.jpg,Albizia ferruginea (Guill. & Perr.) Benth.,Albizia ferruginea (Guill. & Perr.) Benth.,1
0678-7.jpg,Albizia ferruginea (Guill. & Perr.) Benth.,Albizia ferruginea (Guill. & Perr.) Benth.,1
0678-8.jpg,Albizia ferruginea (Guill. & Perr.) Benth.,Albizia ferruginea (Guill. & Perr.) Benth.,1
0244-2.jpg,Dryobalanops C.F.Gaertn.,Dryobalanops C.F.Gaertn.,1
0244-3.jpg,Dryobalanops C.F.Gaertn.,Dryobalanops C.F.Gaertn.,1
0244-4.jpg,Dryobalanops C.F.Gaertn.,Dryobalanops C.F.Gaertn.,1
0244-5.jpg,Dryobalanops C.F.Gaertn.,Dryobalanops C.F.Gaertn.,1
0244-6.jpg,Dryobalanops C.F.Gaertn.,Dryobalanops C.F.Gaertn.,1
0244-7.jpg,Dryobalanops C.F.Gaertn.,Dryobalanops C.F.Gaertn.,1
0244-8.jpg,Dryobalanops C.F.Gaertn.,Dryobalanops C.F.Gaertn.,1
0244-9.jpg,Dryobalanops C.F.Gaertn.,Dryobalanops C.F.Gaertn.,1
0245-2.jpg,Dryobalanops aromatica C.F.Gaertn.,Dryobalanops aromatica C.F.Gaertn.,1
0245-3.jpg,Dryobalanops aromatica C.F.Gaertn.,Dryobalanops aromatica C.F.Gaertn.,1
0245-4.jpg,Dryobalanops aromatica C.F.Gaertn.,Dryobalanops aromatica C.F.Gaertn.,1
0245-5.jpg,Dryobalanops aromatica C.F.Gaertn.,Dryobalanops aromatica C.F.Gaertn.,1
0245-6.jpg,Dryobalanops aromatica C.F.Gaertn.,Dryobalanops aromatica C.F.Gaertn.,1
0245-7.jpg,Dryobalanops aromatica C.F.Gaertn.,Dryobalanops aromatica C.F.Gaertn.,1
0245-8.jpg,Dryobalanops aromatica C.F.Gaertn.,Dryobalanops aromatica C.F.Gaertn.,1
0245-9.jpg,Dryobalanops aromatica C.F.Gaertn.,Dryobalanops aromatica C.F.Gaertn.,1
0375-2.png,Koompassia malaccensis Maing.,Koompassia malaccensis Maing.,1
0375-3.png,Koompassia malaccensis Maing.,Koompassia malaccensis Maing.,1
0375-4.png,Koompassia malaccensis Maing.,Koompassia malaccensis Maing.,1
0375-5.png,Koompassia malaccensis Maing.,Koompassia malaccensis Maing.,1
0375-6.png,Koompassia malaccensis Maing.,Koompassia malaccensis Maing.,1
0375-7.png,Koompassia malaccensis Maing.,Koompassia malaccensis Maing.,1
0375-8.png,Koompassia malaccensis Maing.,Koompassia malaccensis Maing.,1
0375-9.png,Koompassia malaccensis Maing.,Koompassia malaccensis Maing.,1
0236-3.jpg,Dipterocarpus C.F.Gaertn.,Dipterocarpus C.F.Gaertn.,1
0236-4.jpg,Dipterocarpus C.F.Gaertn.,Dipterocarpus C.F.Gaertn.,1
0236-5.jpg,Dipterocarpus C.F.Gaertn.,Dipterocarpus C.F.Gaertn.,1
0236-6.jpg,Dipterocarpus C.F.Gaertn.,Dipterocarpus C.F.Gaertn.,1
0236-7.jpg,Dipterocarpus C.F.Gaertn.,Dipterocarpus C.F.Gaertn.,1
0236-8.jpg,Dipterocarpus C.F.Gaertn.,Dipterocarpus C.F.Gaertn.,1
0236-9.jpg,Dipterocarpus C.F.Gaertn.,Dipterocarpus C.F.Gaertn.,1
0238-2.jpg,Dipterocarpus kerrii King,Dipterocarpus kerrii King,1
0238-3.jpg,Dipterocarpus kerrii King,Dipterocarpus kerrii King,1
0238-4.jpg,Dipterocarpus kerrii King,Dipterocarpus kerrii King,1
0238-5.jpg,Dipterocarpus kerrii King,Dipterocarpus kerrii King,1
0238-6.jpg,Dipterocarpus kerrii King,Dipterocarpus kerrii King,1
0238-7.jpg,Dipterocarpus kerrii King,Dipterocarpus kerrii King,1
0238-8.jpg,Dipterocarpus kerrii King,Dipterocarpus kerrii King,1
0238-9.jpg,Dipterocarpus kerrii King,Dipterocarpus kerrii King,1
0302-2.jpg,Gilbertiodendron preussii (Harms) J.Léonard,Gilbertiodendron preussii (Harms) J.Léonard,1
0302-3.jpg,Gilbertiodendron preussii (Harms) J.Léonard,Gilbertiodendron preussii (Harms) J.Léonard,1
0302-4.jpg,Gilbertiodendron preussii (Harms) J.Léonard,Gilbertiodendron preussii (Harms) J.Léonard,1
0302-5.jpg,Gilbertiodendron preussii (Harms) J.Léonard,Gilbertiodendron preussii (Harms) J.Léonard,1
0302-6.jpg,Gilbertiodendron preussii (Harms) J.Léonard,Gilbertiodendron preussii (Harms) J.Léonard,1
0302-7.jpg,Gilbertiodendron preussii (Harms) J.Léonard,Gilbertiodendron preussii (Harms) J.Léonard,1
0302-8.jpg,Gilbertiodendron preussii (Harms) J.Léonard,Gilbertiodendron preussii (Harms) J.Léonard,1
0302-9.jpg,Gilbertiodendron preussii (Harms) J.Léonard,Gilbertiodendron preussii (Harms) J.Léonard,1
0418-2.png,Mansonia altissima (A. Chev.) A. Chev.,Mansonia altissima (A. Chev.) A. Chev.,1
0418-3.png,Mansonia altissima (A. Chev.) A. Chev.,Mansonia altissima (A. Chev.) A. Chev.,1
0418-4.png,Mansonia altissima (A. Chev.) A. Chev.,Mansonia altissima (A. Chev.) A. Chev.,1
0418-5.png,Betula papyrifera Marshall,Mansonia altissima (A. Chev.) A. Chev.,0
0418-6.png,Mansonia altissima (A. Chev.) A. Chev.,Mansonia altissima (A. Chev.) A. Chev.,1
0418-7.png,Mansonia altissima (A. Chev.) A. Chev.,Mansonia altissima (A. Chev.) A. Chev.,1
0418-8.png,Mansonia altissima (A. Chev.) A. Chev.,Mansonia altissima (A. Chev.) A. Chev.,1
0418-9.png,Mansonia altissima (A. Chev.) A. Chev.,Mansonia altissima (A. Chev.) A. Chev.,1
0353-11.png,Intsia Thouars,Intsia Thouars,1
0353-12.png,Intsia Thouars,Intsia Thouars,1
0353-13.png,Intsia Thouars,Intsia Thouars,1
0353-14.png,Intsia Thouars,Intsia Thouars,1
0353-2.png,Intsia Thouars,Intsia Thouars,1
0353-3.png,Intsia Thouars,Intsia Thouars,1
0353-4.png,Intsia Thouars,Intsia Thouars,1
0353-5.png,Intsia Thouars,Intsia Thouars,1
0353-7.png,Intsia Thouars,Intsia Thouars,1
0353-8.png,Intsia Thouars,Intsia Thouars,1
0353-9.png,Intsia Thouars,Intsia Thouars,1
0354-10.png,Intsia bijuga (Colebr.) Kuntze,Intsia bijuga (Colebr.) Kuntze,1
0354-3.png,Intsia bijuga (Colebr.) Kuntze,Intsia bijuga (Colebr.) Kuntze,1
0354-4.png,Intsia bijuga (Colebr.) Kuntze,Intsia bijuga (Colebr.) Kuntze,1
0354-5.png,Intsia bijuga (Colebr.) Kuntze,Intsia bijuga (Colebr.) Kuntze,1
0354-7.png,Intsia bijuga (Colebr.) Kuntze,Intsia bijuga (Colebr.) Kuntze,1
0354-8.png,Intsia bijuga (Colebr.) Kuntze,Intsia bijuga (Colebr.) Kuntze,1
0354-9.png,Intsia bijuga (Colebr.) Kuntze,Intsia bijuga (Colebr.) Kuntze,1
0326-2.jpg,Guibourtia ehie (A. Chev.) J. Léonard,Guibourtia ehie (A. Chev.) J. Léonard,1
0326-3.jpg,Guibourtia ehie (A. Chev.) J. Léonard,Guibourtia ehie (A. Chev.) J. Léonard,1
0326-4.jpg,Guibourtia ehie (A. Chev.) J. Léonard,Guibourtia ehie (A. Chev.) J. Léonard,1
0326-6.jpg,Guibourtia ehie (A. Chev.) J. Léonard,Guibourtia ehie (A. Chev.) J. Léonard,1
0326-7.jpg,Guibourtia ehie (A. Chev.) J. Léonard,Guibourtia ehie (A. Chev.) J. Léonard,1
0326-8.jpg,Guibourtia ehie (A. Chev.) J. Léonard,Guibourtia ehie (A. Chev.) J. Léonard,1
0326-9.jpg,Guibourtia ehie (A. Chev.) J. Léonard,Guibourtia ehie (A. Chev.) J. Léonard,1
0091-10.jpg,Brachystegia laurentii (De Wild.) Louis ex J.Léonard,Brachystegia Benth.,0
0091-12.jpg,Brachystegia Benth.,Brachystegia Benth.,1
0091-2.jpg,Brachystegia Benth.,Brachystegia Benth.,1
0091-5.jpg,Brachystegia Benth.,Brachystegia Benth.,1
0091-6.jpg,Brachystegia Benth.,Brachystegia Benth.,1
0091-7.jpg,Brachystegia Benth.,Brachystegia Benth.,1
0091-8.jpg,Brachystegia Benth.,Brachystegia Benth.,1
0091-9.jpg,Brachystegia Benth.,Brachystegia Benth.,1
0092-12.jpg,Brachystegia cynometroides Harms,Brachystegia cynometroides Harms,1
0092-2.jpg,Brachystegia cynometroides Harms,Brachystegia cynometroides Harms,1
0092-3.jpg,Brachystegia cynometroides Harms,Brachystegia cynometroides Harms,1
0092-4.jpg,Brachystegia cynometroides Harms,Brachystegia cynometroides Harms,1
0092-5.jpg,Brachystegia cynometroides Harms,Brachystegia cynometroides Harms,1
0092-6.jpg,Brachystegia cynometroides Harms,Brachystegia cynometroides Harms,1
0092-7.jpg,Brachystegia cynometroides Harms,Brachystegia cynometroides Harms,1
0092-8.jpg,Brachystegia cynometroides Harms,Brachystegia cynometroides Harms,1
0092-9.jpg,Brachystegia cynometroides Harms,Brachystegia cynometroides Harms,1
0093-10.jpg,Brachystegia laurentii (De Wild.) Louis ex J.Léonard,Brachystegia laurentii (De Wild.) Louis ex J.Léonard,1
0093-11.jpg,Brachystegia laurentii (De Wild.) Louis ex J.Léonard,Brachystegia laurentii (De Wild.) Louis ex J.Léonard,1
0093-12.jpg,Brachystegia laurentii (De Wild.) Louis ex J.Léonard,Brachystegia laurentii (De Wild.) Louis ex J.Léonard,1
0093-4.jpg,Gilbertiodendron preussii (Harms) J.Léonard,Brachystegia laurentii (De Wild.) Louis ex J.Léonard,0
0093-5.jpg,Brachystegia laurentii (De Wild.) Louis ex J.Léonard,Brachystegia laurentii (De Wild.) Louis ex J.Léonard,1
0093-7.jpg,Brachystegia laurentii (De Wild.) Louis ex J.Léonard,Brachystegia laurentii (De Wild.) Louis ex J.Léonard,1
0093-8.jpg,Brachystegia laurentii (De Wild.) Louis ex J.Léonard,Brachystegia laurentii (De Wild.) Louis ex J.Léonard,1
0093-9.jpg,Brachystegia laurentii (De Wild.) Louis ex J.Léonard,Brachystegia laurentii (De Wild.) Louis ex J.Léonard,1
0331-10.jpg,Heritiera utilis (Sprague) Sprague,Heritiera utilis (Sprague) Sprague,1
0331-2.jpg,Heritiera utilis (Sprague) Sprague,Heritiera utilis (Sprague) Sprague,1
0331-4.jpg,Heritiera utilis (Sprague) Sprague,Heritiera utilis (Sprague) Sprague,1
0331-5.jpg,Heritiera utilis (Sprague) Sprague,Heritiera utilis (Sprague) Sprague,1
0331-6.jpg,Heritiera utilis (Sprague) Sprague,Heritiera utilis (Sprague) Sprague,1
0331-7.jpg,Heritiera utilis (Sprague) Sprague,Heritiera utilis (Sprague) Sprague,1
0331-9.jpg,Heritiera utilis (Sprague) Sprague,Heritiera utilis (Sprague) Sprague,1
0367-3.png,Juglans nigra L.,Juglans nigra L.,1
0367-4.png,Juglans nigra L.,Juglans nigra L.,1
0367-5.png,Juglans nigra L.,Juglans nigra L.,1
0367-6.png,Juglans nigra L.,Juglans nigra L.,1
0367-7.png,Juglans nigra L.,Juglans nigra L.,1
0367-8.png,Juglans nigra L.,Juglans nigra L.,1
0367-9.png,Juglans nigra L.,Juglans nigra L.,1
0366-2.png,Juglans regia L.,Juglans regia L.,1
0366-3.png,Juglans regia L.,Juglans regia L.,1
0366-4.png,Juglans regia L.,Juglans regia L.,1
0366-5.png,Juglans regia L.,Juglans regia L.,1
0366-6.png,Juglans regia L.,Juglans regia L.,1
0366-7.png,Juglans regia L.,Juglans regia L.,1
0366-8.png,Juglans regia L.,Juglans regia L.,1
0366-9.png,Juglans regia L.,Juglans regia L.,1
0399-11.png,Lovoa trichilioides Harms,Lovoa trichilioides Harms,1
0399-14.png,Lovoa trichilioides Harms,Lovoa trichilioides Harms,1
0399-15.png,Lovoa trichilioides Harms,Lovoa trichilioides Harms,1
0399-17.png,Lovoa trichilioides Harms,Lovoa trichilioides Harms,1
0399-19.png,Lovoa trichilioides Harms,Lovoa trichilioides Harms,1
0399-2.png,Lovoa trichilioides Harms,Lovoa trichilioides Harms,1
0399-20.png,Lovoa trichilioides Harms,Lovoa trichilioides Harms,1
0399-3.png,Lovoa trichilioides Harms,Lovoa trichilioides Harms,1
0399-4.png,Lovoa trichilioides Harms,Lovoa trichilioides Harms,1
0399-5.png,Lovoa trichilioides Harms,Lovoa trichilioides Harms,1
0399-6.png,Lovoa trichilioides Harms,Lovoa trichilioides Harms,1
0399-7.png,Lovoa trichilioides Harms,Lovoa trichilioides Harms,1
0399-8.png,Lovoa trichilioides Harms,Lovoa trichilioides Harms,1
0399-9.png,Lovoa trichilioides Harms,Lovoa trichilioides Harms,1
0066-2.jpg,Aucoumea klaineana Pierre,Aucoumea klaineana Pierre,1
0066-3.jpg,Aucoumea klaineana Pierre,Aucoumea klaineana Pierre,1
0066-5.jpg,Aucoumea klaineana Pierre,Aucoumea klaineana Pierre,1
0066-6.jpg,Aucoumea klaineana Pierre,Aucoumea klaineana Pierre,1
0066-7.jpg,Aucoumea klaineana Pierre,Aucoumea klaineana Pierre,1
0066-8.jpg,Aucoumea klaineana Pierre,Aucoumea klaineana Pierre,1
0066-9.jpg,Aucoumea klaineana Pierre,Aucoumea klaineana Pierre,1
0552-2.png,Quercus alba L.,Quercus alba L.,1
0552-3.png,Quercus alba L.,Quercus alba L.,1
0552-4.png,Quercus alba L.,Quercus alba L.,1
0552-5.png,Quercus alba L.,Quercus alba L.,1
0552-6.png,Quercus alba L.,Quercus alba L.,1
0552-7.png,Quercus alba L.,Quercus alba L.,1
0552-8.png,Quercus alba L.,Quercus alba L.,1
0552-9.png,Quercus alba L.,Quercus alba L.,1
0553-10.png,Quercus petraea (Matt.) Liebl.,Quercus petraea (Matt.) Liebl.,1
0553-11.png,Quercus petraea (Matt.) Liebl.,Quercus petraea (Matt.) Liebl.,1
0553-2.png,Quercus petraea (Matt.) Liebl.,Quercus petraea (Matt.) Liebl.,1
0553-3.png,Quercus petraea (Matt.) Liebl.,Quercus petraea (Matt.) Liebl.,1
0553-4.png,Quercus petraea (Matt.) Liebl.,Quercus petraea (Matt.) Liebl.,1
0553-6.png,Quercus petraea (Matt.) Liebl.,Quercus petraea (Matt.) Liebl.,1
0553-7.png,Quercus petraea (Matt.) Liebl.,Quercus petraea (Matt.) Liebl.,1
0553-8.png,Quercus petraea (Matt.) Liebl.,Quercus petraea (Matt.) Liebl.,1
0554-12.png,Quercus robur L.,Quercus robur L.,1
0554-13.png,Quercus robur L.,Quercus robur L.,1
0554-2.png,Quercus robur L.,Quercus robur L.,1
0554-3.png,Quercus robur L.,Quercus robur L.,1
0554-4.png,Quercus robur L.,Quercus robur L.,1
0554-5.png,Quercus robur L.,Quercus robur L.,1
0554-6.png,Quercus robur L.,Quercus robur L.,1
0554-8.png,Quercus robur L.,Quercus robur L.,1
0554-9.png,Quercus robur L.,Quercus robur L.,1
0648-1.png,Triplochiton scleroxylon K. Schum.,Triplochiton scleroxylon K. Schum.,1
0648-2.png,Triplochiton scleroxylon K. Schum.,Triplochiton scleroxylon K. Schum.,1
0648-3.png,Triplochiton scleroxylon K. Schum.,Triplochiton scleroxylon K. Schum.,1
0648-4.png,Triplochiton scleroxylon K. Schum.,Triplochiton scleroxylon K. Schum.,1
0648-7.png,Triplochiton scleroxylon K. Schum.,Triplochiton scleroxylon K. Schum.,1
0256-10.jpg,Entandrophragma angolense (Welw.) Panshin,Entandrophragma angolense (Welw.) Panshin,1
0256-4.jpg,Entandrophragma angolense (Welw.) Panshin,Entandrophragma angolense (Welw.) Panshin,1
0256-5.jpg,Ochroma pyramidale (Cav. ex Lam.) Urb.,Entandrophragma angolense (Welw.) Panshin,0
0256-6.jpg,Entandrophragma angolense (Welw.) Panshin,Entandrophragma angolense (Welw.) Panshin,1
0256-7.jpg,Entandrophragma angolense (Welw.) Panshin,Entandrophragma angolense (Welw.) Panshin,1
0256-8.jpg,Entandrophragma angolense (Welw.) Panshin,Entandrophragma angolense (Welw.) Panshin,1
0256-9.jpg,Entandrophragma angolense (Welw.) Panshin,Entandrophragma angolense (Welw.) Panshin,1
0072-1.jpg,Baillonella toxisperma Pierre,Baillonella toxisperma Pierre,1
0072-10.jpg,Juglans nigra L.,Baillonella toxisperma Pierre,0
0072-2.jpg,Baillonella toxisperma Pierre,Baillonella toxisperma Pierre,1
0072-6.jpg,Baillonella toxisperma Pierre,Baillonella toxisperma Pierre,1
0072-7.jpg,Baillonella toxisperma Pierre,Baillonella toxisperma Pierre,1
0072-8.jpg,Baillonella toxisperma Pierre,Baillonella toxisperma Pierre,1
0072-9.jpg,Baillonella toxisperma Pierre,Baillonella toxisperma Pierre,1
0073-10.jpg,Balfourodendron riedelianum (Engl.) Engl.,Balfourodendron riedelianum (Engl.) Engl.,1
0073-2.jpg,Balfourodendron riedelianum (Engl.) Engl.,Balfourodendron riedelianum (Engl.) Engl.,1
0073-3.jpg,Balfourodendron riedelianum (Engl.) Engl.,Balfourodendron riedelianum (Engl.) Engl.,1
0073-4.jpg,Balfourodendron riedelianum (Engl.) Engl.,Balfourodendron riedelianum (Engl.) Engl.,1
0073-5.jpg,Balfourodendron riedelianum (Engl.) Engl.,Balfourodendron riedelianum (Engl.) Engl.,1
0073-6.jpg,Balfourodendron riedelianum (Engl.) Engl.,Balfourodendron riedelianum (Engl.) Engl.,1
0073-7.jpg,Balfourodendron riedelianum (Engl.) Engl.,Balfourodendron riedelianum (Engl.) Engl.,1
0073-9.jpg,Balfourodendron riedelianum (Engl.) Engl.,Balfourodendron riedelianum (Engl.) Engl.,1
0679-1.jpg,Aningeria Aubrév. & Pellegr.,Aningeria Aubrév. & Pellegr.,1
0679-2.jpg,Aningeria Aubrév. & Pellegr.,Aningeria Aubrév. & Pellegr.,1
0679-4.jpg,Aningeria Aubrév. & Pellegr.,Aningeria Aubrév. & Pellegr.,1
0679-5.jpg,Aningeria Aubrév. & Pellegr.,Aningeria Aubrév. & Pellegr.,1
0679-6.jpg,Aningeria Aubrév. & Pellegr.,Aningeria Aubrév. & Pellegr.,1
0679-7.jpg,Aningeria Aubrév. & Pellegr.,Aningeria Aubrév. & Pellegr.,1
0679-8.jpg,Aningeria Aubrév. & Pellegr.,Aningeria Aubrév. & Pellegr.,1
0679-9.jpg,Betula papyrifera Marshall,Aningeria Aubrév. & Pellegr.,0
0009-1.png,Leptolobium Vogel,Leptolobium Vogel,1
0009-4.png,Leptolobium Vogel,Leptolobium Vogel,1
0009-5.png,Leptolobium Vogel,Leptolobium Vogel,1
0009-6.png,Leptolobium Vogel,Leptolobium Vogel,1
0009-7.png,Leptolobium Vogel,Leptolobium Vogel,1
0009-8.png,Leptolobium Vogel,Leptolobium Vogel,1
0009-9.png,Leptolobium Vogel,Leptolobium Vogel,1
0041-3.png,Aniba rosodora Ducke,Aniba rosodora Ducke,1
0041-4.png,Aniba rosodora Ducke,Aniba rosodora Ducke,1
0041-5.png,Aniba rosodora Ducke,Aniba rosodora Ducke,1
0041-6.png,Aniba rosodora Ducke,Aniba rosodora Ducke,1
0041-7.png,Aniba rosodora Ducke,Aniba rosodora Ducke,1
0045-2.jpg,Anopyxis klaineana (Pierre) Engl.,Anopyxis klaineana (Pierre) Engl.,1
0045-3.jpg,Anopyxis klaineana (Pierre) Engl.,Anopyxis klaineana (Pierre) Engl.,1
0045-4.jpg,Anopyxis klaineana (Pierre) Engl.,Anopyxis klaineana (Pierre) Engl.,1
0045-6.jpg,Anopyxis klaineana (Pierre) Engl.,Anopyxis klaineana (Pierre) Engl.,1
0045-7.jpg,Anopyxis klaineana (Pierre) Engl.,Anopyxis klaineana (Pierre) Engl.,1
0045-8.jpg,Anopyxis klaineana (Pierre) Engl.,Anopyxis klaineana (Pierre) Engl.,1
0045-9.jpg,Anopyxis klaineana (Pierre) Engl.,Anopyxis klaineana (Pierre) Engl.,1
0071-3.jpg,Baikiaea plurijuga Harms,Baikiaea plurijuga Harms,1
0085-12.jpg,Khaya grandifoliola C.DC.,Bobgunnia fistuloides (Harms) J.H. Kirkbr. & Wiersema,0
0085-2.jpg,Bobgunnia fistuloides (Harms) J.H. Kirkbr. & Wiersema,Bobgunnia fistuloides (Harms) J.H. Kirkbr. & Wiersema,1
0085-3.jpg,Khaya grandifoliola C.DC.,Bobgunnia fistuloides (Harms) J.H. Kirkbr. & Wiersema,0
0085-4.jpg,Khaya grandifoliola C.DC.,Bobgunnia fistuloides (Harms) J.H. Kirkbr. & Wiersema,0
0085-5.jpg,Bobgunnia fistuloides (Harms) J.H. Kirkbr. & Wiersema,Bobgunnia fistuloides (Harms) J.H. Kirkbr. & Wiersema,1
0085-6.jpg,Bobgunnia fistuloides (Harms) J.H. Kirkbr. & Wiersema,Bobgunnia fistuloides (Harms) J.H. Kirkbr. & Wiersema,1
0085-7.jpg,Bobgunnia fistuloides (Harms) J.H. Kirkbr. & Wiersema,Bobgunnia fistuloides (Harms) J.H. Kirkbr. & Wiersema,1
0085-8.jpg,Khaya grandifoliola C.DC.,Bobgunnia fistuloides (Harms) J.H. Kirkbr. & Wiersema,0
0095-1.jpg,Brosimum alicastrum Swartz,Brosimum alicastrum Swartz,1
0095-2.jpg,Brosimum alicastrum Swartz,Brosimum alicastrum Swartz,1
0095-4.jpg,Brosimum alicastrum Swartz,Brosimum alicastrum Swartz,1
0095-5.jpg,Brosimum alicastrum Swartz,Brosimum alicastrum Swartz,1
0095-6.jpg,Brosimum alicastrum Swartz,Brosimum alicastrum Swartz,1
0095-7.jpg,Ctenolophon parvifolius Oliv.,Brosimum alicastrum Swartz,0
0095-8.jpg,Brosimum alicastrum Swartz,Brosimum alicastrum Swartz,1
0095-9.jpg,Brosimum alicastrum Swartz,Brosimum alicastrum Swartz,1
0096-1.jpg,Brosimum guianense (Aubl.) Huber ex Ducke,Brosimum guianense (Aubl.) Huber ex Ducke,1
0096-12.jpg,Brosimum guianense (Aubl.) Huber ex Ducke,Brosimum guianense (Aubl.) Huber ex Ducke,1
0096-13.jpg,Brosimum guianense (Aubl.) Huber ex Ducke,Brosimum guianense (Aubl.) Huber ex Ducke,1
0096-2.jpg,Brosimum guianense (Aubl.) Huber ex Ducke,Brosimum guianense (Aubl.) Huber ex Ducke,1
0096-4.jpg,Brosimum guianense (Aubl.) Huber ex Ducke,Brosimum guianense (Aubl.) Huber ex Ducke,1
0096-5.jpg,Brosimum guianense (Aubl.) Huber ex Ducke,Brosimum guianense (Aubl.) Huber ex Ducke,1
0096-6.jpg,Brosimum guianense (Aubl.) Huber ex Ducke,Brosimum guianense (Aubl.) Huber ex Ducke,1
0096-7.jpg,Brosimum guianense (Aubl.) Huber ex Ducke,Brosimum guianense (Aubl.) Huber ex Ducke,1
0096-8.jpg,Brosimum guianense (Aubl.) Huber ex Ducke,Brosimum guianense (Aubl.) Huber ex Ducke,1
0096-9.jpg,Brosimum guianense (Aubl.) Huber ex Ducke,Brosimum guianense (Aubl.) Huber ex Ducke,1
0157-4.jpg,Aesculus hippocastanum L.,Ceriops tagal (Perr.) C.B. Robinson,0
0157-5.jpg,Ceriops tagal (Perr.) C.B. Robinson,Ceriops tagal (Perr.) C.B. Robinson,1
0158-10.jpg,"Chlorocardium rodiei (R.H.Schomb.) Rohwer, H.G.Richt. & van der Werff","Chlorocardium rodiei (R.H.Schomb.) Rohwer, H.G.Richt. & van der Werff",1
0158-2.jpg,"Chlorocardium rodiei (R.H.Schomb.) Rohwer, H.G.Richt. & van der Werff","Chlorocardium rodiei (R.H.Schomb.) Rohwer, H.G.Richt. & van der Werff",1
0158-3.jpg,"Chlorocardium rodiei (R.H.Schomb.) Rohwer, H.G.Richt. & van der Werff","Chlorocardium rodiei (R.H.Schomb.) Rohwer, H.G.Richt. & van der Werff",1
0158-4.jpg,"Chlorocardium rodiei (R.H.Schomb.) Rohwer, H.G.Richt. & van der Werff","Chlorocardium rodiei (R.H.Schomb.) Rohwer, H.G.Richt. & van der Werff",1
0158-5.jpg,"Chlorocardium rodiei (R.H.Schomb.) Rohwer, H.G.Richt. & van der Werff","Chlorocardium rodiei (R.H.Schomb.) Rohwer, H.G.Richt. & van der Werff",1
0158-6.jpg,"Chlorocardium rodiei (R.H.Schomb.) Rohwer, H.G.Richt. & van der Werff","Chlorocardium rodiei (R.H.Schomb.) Rohwer, H.G.Richt. & van der Werff",1
0158-8.jpg,"Chlorocardium rodiei (R.H.Schomb.) Rohwer, H.G.Richt. & van der Werff","Chlorocardium rodiei (R.H.Schomb.) Rohwer, H.G.Richt. & van der Werff",1
0158-9.jpg,"Chlorocardium rodiei (R.H.Schomb.) Rohwer, H.G.Richt. & van der Werff","Chlorocardium rodiei (R.H.Schomb.) Rohwer, H.G.Richt. & van der Werff",1
0181-10.jpg,Cotylelobium Pierre,Cotylelobium Pierre,1
0181-3.jpg,Cotylelobium Pierre,Cotylelobium Pierre,1
0181-4.jpg,Cotylelobium Pierre,Cotylelobium Pierre,1
0181-5.jpg,Cotylelobium Pierre,Cotylelobium Pierre,1
0181-6.jpg,Cotylelobium Pierre,Cotylelobium Pierre,1
0181-7.jpg,Cotylelobium Pierre,Cotylelobium Pierre,1
0181-8.jpg,Cotylelobium Pierre,Cotylelobium Pierre,1
0181-9.jpg,Ceriops tagal (Perr.) C.B. Robinson,Cotylelobium Pierre,0
0195-11.jpg,Ctenolophon parvifolius Oliv.,Ctenolophon parvifolius Oliv.,1
0195-12.jpg,Ctenolophon parvifolius Oliv.,Ctenolophon parvifolius Oliv.,1
0195-2.jpg,Ctenolophon parvifolius Oliv.,Ctenolophon parvifolius Oliv.,1
0195-5.jpg,Ctenolophon parvifolius Oliv.,Ctenolophon parvifolius Oliv.,1
0195-6.jpg,Ctenolophon parvifolius Oliv.,Ctenolophon parvifolius Oliv.,1
0195-7.jpg,Ctenolophon parvifolius Oliv.,Ctenolophon parvifolius Oliv.,1
0195-8.jpg,Ctenolophon parvifolius Oliv.,Ctenolophon parvifolius Oliv.,1
0195-9.jpg,Ctenolophon parvifolius Oliv.,Ctenolophon parvifolius Oliv.,1
0207-10.png,Dalbergia nigra (Vell.) Allemão ex Benth.,Dalbergia nigra (Vell.) Allemão ex Benth.,1
0207-2.png,Dalbergia nigra (Vell.) Allemão ex Benth.,Dalbergia nigra (Vell.) Allemão ex Benth.,1
0207-3.png,Dalbergia nigra (Vell.) Allemão ex Benth.,Dalbergia nigra (Vell.) Allemão ex Benth.,1
0207-4.png,Dalbergia nigra (Vell.) Allemão ex Benth.,Dalbergia nigra (Vell.) Allemão ex Benth.,1
0207-5.png,Dalbergia nigra (Vell.) Allemão ex Benth.,Dalbergia nigra (Vell.) Allemão ex Benth.,1
0207-6.png,Dalbergia nigra (Vell.) Allemão ex Benth.,Dalbergia nigra (Vell.) Allemão ex Benth.,1
0207-7.png,Dalbergia nigra (Vell.) Allemão ex Benth.,Dalbergia nigra (Vell.) Allemão ex Benth.,1
0207-8.png,Dalbergia nigra (Vell.) Allemão ex Benth.,Dalbergia nigra (Vell.) Allemão ex Benth.,1
0239-1.jpg,Pycnanthus angolensis (Welw.) Warb.,Dipteryx odorata (Aubl.) Forsyth f.,0
0239-2.jpg,Dipteryx odorata (Aubl.) Forsyth f.,Dipteryx odorata (Aubl.) Forsyth f.,1
0239-4.jpg,Dipteryx odorata (Aubl.) Forsyth f.,Dipteryx odorata (Aubl.) Forsyth f.,1
0239-5.jpg,Dipteryx odorata (Aubl.) Forsyth f.,Dipteryx odorata (Aubl.) Forsyth f.,1
0239-6.jpg,Dipteryx odorata (Aubl.) Forsyth f.,Dipteryx odorata (Aubl.) Forsyth f.,1
0239-8.jpg,Dipteryx odorata (Aubl.) Forsyth f.,Dipteryx odorata (Aubl.) Forsyth f.,1
0243-11.jpg,Dracontomelon dao (Blanco) Merr. & Rolfe,Dracontomelon dao (Blanco) Merr. & Rolfe,1
0243-3.jpg,Dracontomelon dao (Blanco) Merr. & Rolfe,Dracontomelon dao (Blanco) Merr. & Rolfe,1
0243-4.jpg,Dracontomelon dao (Blanco) Merr. & Rolfe,Dracontomelon dao (Blanco) Merr. & Rolfe,1
0243-5.jpg,Dracontomelon dao (Blanco) Merr. & Rolfe,Dracontomelon dao (Blanco) Merr. & Rolfe,1
0243-6.jpg,Dracontomelon dao (Blanco) Merr. & Rolfe,Dracontomelon dao (Blanco) Merr. & Rolfe,1
0243-7.jpg,Dracontomelon dao (Blanco) Merr. & Rolfe,Dracontomelon dao (Blanco) Merr. & Rolfe,1
0243-8.jpg,Dracontomelon dao (Blanco) Merr. & Rolfe,Dracontomelon dao (Blanco) Merr. & Rolfe,1
0243-9.jpg,Dracontomelon dao (Blanco) Merr. & Rolfe,Dracontomelon dao (Blanco) Merr. & Rolfe,1
0313-10.jpg,Grevillea robusta A.Cunn. ex R.Br.,Grevillea robusta A.Cunn. ex R.Br.,1
0313-2.jpg,Grevillea robusta A.Cunn. ex R.Br.,Grevillea robusta A.Cunn. ex R.Br.,1
0313-3.jpg,Grevillea robusta A.Cunn. ex R.Br.,Grevillea robusta A.Cunn. ex R.Br.,1
0313-4.jpg,Grevillea robusta A.Cunn. ex R.Br.,Grevillea robusta A.Cunn. ex R.Br.,1
0313-5.jpg,Grevillea robusta A.Cunn. ex R.Br.,Grevillea robusta A.Cunn. ex R.Br.,1
0313-6.jpg,Grevillea robusta A.Cunn. ex R.Br.,Grevillea robusta A.Cunn. ex R.Br.,1
0313-7.jpg,Grevillea robusta A.Cunn. ex R.Br.,Grevillea robusta A.Cunn. ex R.Br.,1
0313-8.jpg,Grevillea robusta A.Cunn. ex R.Br.,Grevillea robusta A.Cunn. ex R.Br.,1
0380-1.png,Libidibia paraguariensis (D.Parodi) G.P.Lewis,Libidibia paraguariensis (D.Parodi) G.P.Lewis,1
0380-11.png,Libidibia paraguariensis (D.Parodi) G.P.Lewis,Libidibia paraguariensis (D.Parodi) G.P.Lewis,1
0380-13.png,Libidibia paraguariensis (D.Parodi) G.P.Lewis,Libidibia paraguariensis (D.Parodi) G.P.Lewis,1
0380-14.png,Libidibia paraguariensis (D.Parodi) G.P.Lewis,Libidibia paraguariensis (D.Parodi) G.P.Lewis,1
0380-15.png,Libidibia paraguariensis (D.Parodi) G.P.Lewis,Libidibia paraguariensis (D.Parodi) G.P.Lewis,1
0380-17.png,Libidibia paraguariensis (D.Parodi) G.P.Lewis,Libidibia paraguariensis (D.Parodi) G.P.Lewis,1
0380-18.png,Libidibia paraguariensis (D.Parodi) G.P.Lewis,Libidibia paraguariensis (D.Parodi) G.P.Lewis,1
0380-19.png,Libidibia paraguariensis (D.Parodi) G.P.Lewis,Libidibia paraguariensis (D.Parodi) G.P.Lewis,1
0380-2.png,Libidibia paraguariensis (D.Parodi) G.P.Lewis,Libidibia paraguariensis (D.Parodi) G.P.Lewis,1
0380-20.png,Libidibia paraguariensis (D.Parodi) G.P.Lewis,Libidibia paraguariensis (D.Parodi) G.P.Lewis,1
0380-22.png,Libidibia paraguariensis (D.Parodi) G.P.Lewis,Libidibia paraguariensis (D.Parodi) G.P.Lewis,1
0380-23.png,Libidibia paraguariensis (D.Parodi) G.P.Lewis,Libidibia paraguariensis (D.Parodi) G.P.Lewis,1
0380-3.png,Betula papyrifera Marshall,Libidibia paraguariensis (D.Parodi) G.P.Lewis,0
0380-4.png,Betula papyrifera Marshall,Libidibia paraguariensis (D.Parodi) G.P.Lewis,0
0380-6.png,Libidibia paraguariensis (D.Parodi) G.P.Lewis,Libidibia paraguariensis (D.Parodi) G.P.Lewis,1
0380-8.png,Betula papyrifera Marshall,Libidibia paraguariensis (D.Parodi) G.P.Lewis,0
0425-13.png,Mezilaurus ita-uba (Meisn.) Taub. ex Mez,Mezilaurus ita-uba (Meisn.) Taub. ex Mez,1
0425-14.png,Mezilaurus ita-uba (Meisn.) Taub. ex Mez,Mezilaurus ita-uba (Meisn.) Taub. ex Mez,1
0425-15.png,Mezilaurus ita-uba (Meisn.) Taub. ex Mez,Mezilaurus ita-uba (Meisn.) Taub. ex Mez,1
0425-16.png,Mezilaurus ita-uba (Meisn.) Taub. ex Mez,Mezilaurus ita-uba (Meisn.) Taub. ex Mez,1
0425-2.png,Mezilaurus ita-uba (Meisn.) Taub. ex Mez,Mezilaurus ita-uba (Meisn.) Taub. ex Mez,1
0425-3.png,Mezilaurus ita-uba (Meisn.) Taub. ex Mez,Mezilaurus ita-uba (Meisn.) Taub. ex Mez,1
0425-4.png,Mezilaurus ita-uba (Meisn.) Taub. ex Mez,Mezilaurus ita-uba (Meisn.) Taub. ex Mez,1
0425-5.png,Mezilaurus ita-uba (Meisn.) Taub. ex Mez,Mezilaurus ita-uba (Meisn.) Taub. ex Mez,1
0425-6.png,Mezilaurus ita-uba (Meisn.) Taub. ex Mez,Mezilaurus ita-uba (Meisn.) Taub. ex Mez,1
0425-7.png,Mezilaurus ita-uba (Meisn.) Taub. ex Mez,Mezilaurus ita-uba (Meisn.) Taub. ex Mez,1
0425-8.png,Mezilaurus ita-uba (Meisn.) Taub. ex Mez,Mezilaurus ita-uba (Meisn.) Taub. ex Mez,1
0425-9.png,Mezilaurus ita-uba (Meisn.) Taub. ex Mez,Mezilaurus ita-uba (Meisn.) Taub. ex Mez,1
0030-2.jpg,Amburana cearensis (Allemão) A.C.Sm.,Amburana cearensis (Allemão) A.C.Sm.,1
0030-6.jpg,Amburana cearensis (Allemão) A.C.Sm.,Amburana cearensis (Allemão) A.C.Sm.,1
0034-1.jpg,Anacardium L.,Anacardium L.,1
0034-10.jpg,Anacardium L.,Anacardium L.,1
0070-5.jpg,Bagassa guianensis Aubl.,Bagassa guianensis Aubl.,1
0070-6.jpg,Bagassa guianensis Aubl.,Bagassa guianensis Aubl.,1
0115-1.jpg,Carapa guianensis Aubl.,Carapa guianensis Aubl.,1
0115-4.jpg,Carapa guianensis Aubl.,Carapa guianensis Aubl.,1
0130-10.jpg,Castanea sativa Mill.,Castanea sativa Mill.,1
0130-2.jpg,Castanea sativa Mill.,Castanea sativa Mill.,1
0257-5.jpg,Entandrophragma candollei Harms,Entandrophragma candollei Harms,1
0294-10.jpg,Fraxinus excelsior L.,Fraxinus excelsior L.,1
0294-6.jpg,Fraxinus excelsior L.,Fraxinus excelsior L.,1
0301-2.jpg,Gilbertiodendron dewevrei (De Wild.) J.Léonard,Gilbertiodendron dewevrei (De Wild.) J.Léonard,1
0301-8.jpg,Gilbertiodendron dewevrei (De Wild.) J.Léonard,Gilbertiodendron dewevrei (De Wild.) J.Léonard,1
0318-11.png,Leplaea cedrata (A.Chev.) E.J.M.Koenen & J.J.de Wilde,Leplaea cedrata (A.Chev.) E.J.M.Koenen & J.J.de Wilde,1
0318-12.png,Leplaea cedrata (A.Chev.) E.J.M.Koenen & J.J.de Wilde,Leplaea cedrata (A.Chev.) E.J.M.Koenen & J.J.de Wilde,1
0396-10.png,Lophira alata Banks ex C.F.Gaertn.,Lophira alata Banks ex C.F.Gaertn.,1
0396-11.png,Lophira alata Banks ex C.F.Gaertn.,Lophira alata Banks ex C.F.Gaertn.,1
0426-1.png,Microberlinia brazzavillensis A. Chev.,Microberlinia brazzavillensis A. Chev.,1
0426-12.png,Microberlinia brazzavillensis A. Chev.,Microberlinia brazzavillensis A. Chev.,1
0430-4.png,Milicia excelsa (Welw.) C.C. Berg,Milicia excelsa (Welw.) C.C. Berg,1
0431-1.png,Millettia laurentii De Wild.,Millettia laurentii De Wild.,1
0431-10.png,Millettia laurentii De Wild.,Millettia laurentii De Wild.,1
0478-1.png,Peltogyne Vogel,Peltogyne Vogel,1
0478-13.png,Peltogyne Vogel,Peltogyne Vogel,1
0530-2.png,Pterocarpus soyauxii Taub.,Pterocarpus soyauxii Taub.,1
0541-11.png,Pterygota macrocarpa K. Schum.,Pterygota macrocarpa K. Schum.,1
0541-12.png,Pterygota macrocarpa K. Schum.,Pterygota macrocarpa K. Schum.,1
0550-3.png,Quercus mongolica Fisch. ex Ledeb.,Quercus mongolica Fisch. ex Ledeb.,1
0550-4.png,Quercus mongolica Fisch. ex Ledeb.,Quercus mongolica Fisch. ex Ledeb.,1
0621-1.png,Swietenia mahagoni (L.) Jacq.,Tectona grandis L.,0
0621-2.png,Tectona grandis L.,Tectona grandis L.,1
0258-1.jpg,Entandrophragma cylindricum (Sprague) Sprague,Entandrophragma cylindricum (Sprague) Sprague,1
0258-10.jpg,Entandrophragma cylindricum (Sprague) Sprague,Entandrophragma cylindricum (Sprague) Sprague,1
0259-3.jpg,Entandrophragma utile (Dawe & Sprague) Sprague,Entandrophragma utile (Dawe & Sprague) Sprague,1
0259-5.jpg,Entandrophragma utile (Dawe & Sprague) Sprague,Entandrophragma utile (Dawe & Sprague) Sprague,1
0080-3.jpg,Betula pendula Roth,Betula papyrifera Marshall,0
0081-3.jpg,Betula pendula Roth,Betula pendula Roth,1
0003-13.jpg,Acacia mangium Willd.,Acacia mangium Willd.,1
0003-2.jpg,Acacia mangium Willd.,Acacia mangium Willd.,1
0013-2.jpg,Aesculus hippocastanum L.,Aesculus hippocastanum L.,1
0013-3.jpg,Aesculus hippocastanum L.,Aesculus hippocastanum L.,1
0479-11.png,Peltogyne catingae Ducke,Peltogyne catingae Ducke,1
0479-12.png,Peltogyne catingae Ducke,Peltogyne catingae Ducke,1
0480-1.png,Peltogyne mexicana Martínez,Peltogyne mexicana Martínez,1
0480-10.png,Peltogyne mexicana Martínez,Peltogyne mexicana Martínez,1
0613-2.png,Tabebuia rosea (Bert.) DC.,Tabebuia rosea (Bert.) DC.,1
0006-2.jpg,Acer platanoides L.,Acer platanoides L.,1
0007-5.jpg,Acer pseudoplatanus L.,Acer pseudoplatanus L.,1
0461-11.png,Ochroma pyramidale (Cav. ex Lam.) Urb.,Ochroma pyramidale (Cav. ex Lam.) Urb.,1
0461-12.png,Ochroma pyramidale (Cav. ex Lam.) Urb.,Ochroma pyramidale (Cav. ex Lam.) Urb.,1
0323-3.jpg,Guibourtia demeusei (Harms) J.Léonard,Guibourtia demeusei (Harms) J.Léonard,1
0323-7.jpg,Guibourtia demeusei (Harms) J.Léonard,Guibourtia demeusei (Harms) J.Léonard,1
0324-4.png,Guibourtia pellegriniana J.Léonard,Guibourtia pellegriniana J.Léonard,1
0325-10.jpg,Guibourtia tessmannii (Harms) J.Léonard,Guibourtia tessmannii (Harms) J.Léonard,1
0325-14.jpg,Guibourtia tessmannii (Harms) J.Léonard,Guibourtia tessmannii (Harms) J.Léonard,1
0542-10.png,Pycnanthus angolensis (Welw.) Warb.,Pycnanthus angolensis (Welw.) Warb.,1
0542-11.png,Pycnanthus angolensis (Welw.) Warb.,Pycnanthus angolensis (Welw.) Warb.,1
0606-3.png,Swietenia humilis Zucc.,Swietenia humilis Zucc.,1
0607-10.jpg,Swietenia macrophylla King,Swietenia macrophylla King,1
0607-12.jpg,Swietenia macrophylla King,Swietenia macrophylla King,1
0608-11.jpg,Swietenia mahagoni (L.) Jacq.,Swietenia mahagoni (L.) Jacq.,1
0608-12.jpg,Swietenia mahagoni (L.) Jacq.,Swietenia mahagoni (L.) Jacq.,1
0371-11.png,Khaya grandifoliola C.DC.,Khaya grandifoliola C.DC.,1
0371-12.png,Khaya grandifoliola C.DC.,Khaya grandifoliola C.DC.,1
0371-13.png,Khaya grandifoliola C.DC.,Khaya grandifoliola C.DC.,1
0372-1.png,Khaya ivorensis A.Chev.,Khaya ivorensis A.Chev.,1
0372-10.png,Khaya ivorensis A.Chev.,Khaya ivorensis A.Chev.,1
0033-2.jpg,Anacardium excelsum (Bertero & Balb. ex Kunth) Skeels,Anacardium excelsum (Bertero & Balb. ex Kunth) Skeels,1
0035-7.jpg,Anacardium giganteum Hancock ex Engl.,Anacardium giganteum Hancock ex Engl.,1
0035-8.jpg,Anacardium giganteum Hancock ex Engl.,Anacardium giganteum Hancock ex Engl.,1
0129-10.jpg,Castanea crenata Siebold & Zucc.,Castanea crenata Siebold & Zucc.,1
0147-11.jpg,Ceiba pentandra (L.) Gaertn.,Ceiba pentandra (L.) Gaertn.,1
0147-12.jpg,Ceiba pentandra (L.) Gaertn.,Ceiba pentandra (L.) Gaertn.,1
0269-1.jpg,Erythrophleum ivorense A. Chev,Erythrophleum ivorense A. Chev,1
0269-11.jpg,Erythrophleum ivorense A. Chev,Erythrophleum ivorense A. Chev,1
0270-10.jpg,Erythrophleum suaveolens (Guill. & Perr.) Brenan,Erythrophleum suaveolens (Guill. & Perr.) Brenan,1
0270-11.jpg,Erythrophleum suaveolens (Guill. & Perr.) Brenan,Erythrophleum suaveolens (Guill. & Perr.) Brenan,1
0214-2.jpg,Daniellia thurifera Benn.,Daniellia thurifera Benn.,1
0625-1.png,Terminalia superba Engl.& Diels,Terminalia superba Engl.& Diels,1
0625-2.png,Terminalia superba Engl.& Diels,Terminalia superba Engl.& Diels,1
0293-10.jpg,Fraxinus americana L.,Fraxinus americana L.,1
0297-3.jpg,Fraxinus mandshurica Rupr.,Fraxinus mandshurica Rupr.,1
0297-4.jpg,Fraxinus mandshurica Rupr.,Fraxinus mandshurica Rupr.,1
0295-10.jpg,Fraxinus nigra Marshall,Fraxinus nigra Marshall,1
0295-2.jpg,Fraxinus nigra Marshall,Fraxinus nigra Marshall,1
0296-1.jpg,Fraxinus ornus L.,Fraxinus ornus L.,1
0678-2.jpg,Albizia ferruginea (Guill. & Perr.) Benth.,Albizia ferruginea (Guill. & Perr.) Benth.,1
0244-11.jpg,Dryobalanops C.F.Gaertn.,Dryobalanops C.F.Gaertn.,1
0244-12.jpg,Dryobalanops C.F.Gaertn.,Dryobalanops C.F.Gaertn.,1
0245-1.jpg,Dryobalanops aromatica C.F.Gaertn.,Dryobalanops aromatica C.F.Gaertn.,1
0245-12.jpg,Dryobalanops aromatica C.F.Gaertn.,Dryobalanops aromatica C.F.Gaertn.,1
0375-10.png,Koompassia malaccensis Maing.,Koompassia malaccensis Maing.,1
0375-11.png,Koompassia malaccensis Maing.,Koompassia malaccensis Maing.,1
0236-1.jpg,Dipterocarpus C.F.Gaertn.,Dipterocarpus C.F.Gaertn.,1
0236-10.jpg,Dipterocarpus C.F.Gaertn.,Dipterocarpus C.F.Gaertn.,1
0238-11.jpg,Dipterocarpus kerrii King,Dipterocarpus kerrii King,1
0238-12.jpg,Dipterocarpus kerrii King,Dipterocarpus kerrii King,1
0302-11.jpg,Gilbertiodendron preussii (Harms) J.Léonard,Gilbertiodendron preussii (Harms) J.Léonard,1
0418-11.png,Mansonia altissima (A. Chev.) A. Chev.,Mansonia altissima (A. Chev.) A. Chev.,1
0418-12.png,Mansonia altissima (A. Chev.) A. Chev.,Mansonia altissima (A. Chev.) A. Chev.,1
0353-15.png,Intsia Thouars,Intsia Thouars,1
0353-6.png,Intsia Thouars,Intsia Thouars,1
0354-1.png,Intsia bijuga (Colebr.) Kuntze,Intsia bijuga (Colebr.) Kuntze,1
0354-6.png,Intsia bijuga (Colebr.) Kuntze,Intsia bijuga (Colebr.) Kuntze,1
0326-5.jpg,Guibourtia ehie (A. Chev.) J. Léonard,Guibourtia ehie (A. Chev.) J. Léonard,1
0091-1.jpg,Brachystegia Benth.,Brachystegia Benth.,1
0091-11.jpg,Brachystegia Benth.,Brachystegia Benth.,1
0092-11.jpg,Brachystegia cynometroides Harms,Brachystegia cynometroides Harms,1
0093-1.jpg,Brachystegia laurentii (De Wild.) Louis ex J.Léonard,Brachystegia laurentii (De Wild.) Louis ex J.Léonard,1
0093-6.jpg,Pterocarpus soyauxii Taub.,Brachystegia laurentii (De Wild.) Louis ex J.Léonard,0
0331-3.jpg,Erythrophleum suaveolens (Guill. & Perr.) Brenan,Heritiera utilis (Sprague) Sprague,0
0331-8.jpg,Heritiera utilis (Sprague) Sprague,Heritiera utilis (Sprague) Sprague,1
0367-2.png,Juglans nigra L.,Juglans nigra L.,1
0366-10.png,Juglans regia L.,Juglans regia L.,1
0366-11.png,Juglans regia L.,Juglans regia L.,1
0399-1.png,Lovoa trichilioides Harms,Lovoa trichilioides Harms,1
0399-10.png,Lovoa trichilioides Harms,Lovoa trichilioides Harms,1
0399-18.png,Lovoa trichilioides Harms,Lovoa trichilioides Harms,1
0066-10.jpg,Aucoumea klaineana Pierre,Aucoumea klaineana Pierre,1
0552-11.png,Quercus alba L.,Quercus alba L.,1
0553-1.png,Quercus petraea (Matt.) Liebl.,Quercus petraea (Matt.) Liebl.,1
0553-9.png,Quercus petraea (Matt.) Liebl.,Quercus petraea (Matt.) Liebl.,1
0554-10.png,Quercus robur L.,Quercus robur L.,1
0554-11.png,Quercus robur L.,Quercus robur L.,1
0648-6.png,Triplochiton scleroxylon K. Schum.,Triplochiton scleroxylon K. Schum.,1
0256-2.jpg,Entandrophragma angolense (Welw.) Panshin,Entandrophragma angolense (Welw.) Panshin,1
0072-4.jpg,Baillonella toxisperma Pierre,Baillonella toxisperma Pierre,1
0073-12.jpg,Balfourodendron riedelianum (Engl.) Engl.,Balfourodendron riedelianum (Engl.) Engl.,1
0073-8.jpg,Balfourodendron riedelianum (Engl.) Engl.,Balfourodendron riedelianum (Engl.) Engl.,1
0679-3.jpg,Aningeria Aubrév. & Pellegr.,Aningeria Aubrév. & Pellegr.,1
0009-3.png,Leptolobium Vogel,Leptolobium Vogel,1
0041-2.png,Aniba rosodora Ducke,Aniba rosodora Ducke,1
0045-5.jpg,Anopyxis klaineana (Pierre) Engl.,Anopyxis klaineana (Pierre) Engl.,1
0071-4.jpg,Baikiaea plurijuga Harms,Baikiaea plurijuga Harms,1
0085-10.jpg,Bobgunnia fistuloides (Harms) J.H. Kirkbr. & Wiersema,Bobgunnia fistuloides (Harms) J.H. Kirkbr. & Wiersema,1
0085-9.jpg,Bobgunnia fistuloides (Harms) J.H. Kirkbr. & Wiersema,Bobgunnia fistuloides (Harms) J.H. Kirkbr. & Wiersema,1
0095-12.jpg,Cotylelobium Pierre,Brosimum alicastrum Swartz,0
0095-3.jpg,Brosimum alicastrum Swartz,Brosimum alicastrum Swartz,1
0096-10.jpg,Brosimum guianense (Aubl.) Huber ex Ducke,Brosimum guianense (Aubl.) Huber ex Ducke,1
0096-3.jpg,Brosimum guianense (Aubl.) Huber ex Ducke,Brosimum guianense (Aubl.) Huber ex Ducke,1
0114-2.jpg,Cantleya corniculata (Becc.) R.A.Howard,Cantleya corniculata (Becc.) R.A.Howard,1
0114-3.jpg,Cantleya corniculata (Becc.) R.A.Howard,Cantleya corniculata (Becc.) R.A.Howard,1
0157-1.jpg,Aesculus hippocastanum L.,Ceriops tagal (Perr.) C.B. Robinson,0
0158-1.jpg,"Chlorocardium rodiei (R.H.Schomb.) Rohwer, H.G.Richt. & van der Werff","Chlorocardium rodiei (R.H.Schomb.) Rohwer, H.G.Richt. & van der Werff",1
0181-2.jpg,Cotylelobium Pierre,Cotylelobium Pierre,1
0195-1.jpg,Ctenolophon parvifolius Oliv.,Ctenolophon parvifolius Oliv.,1
0195-3.jpg,Ctenolophon parvifolius Oliv.,Ctenolophon parvifolius Oliv.,1
0207-9.png,Dalbergia nigra (Vell.) Allemão ex Benth.,Dalbergia nigra (Vell.) Allemão ex Benth.,1
0239-3.jpg,Dipteryx odorata (Aubl.) Forsyth f.,Dipteryx odorata (Aubl.) Forsyth f.,1
0243-2.jpg,Dracontomelon dao (Blanco) Merr. & Rolfe,Dracontomelon dao (Blanco) Merr. & Rolfe,1
0313-9.jpg,Grevillea robusta A.Cunn. ex R.Br.,Grevillea robusta A.Cunn. ex R.Br.,1
0380-10.png,Libidibia paraguariensis (D.Parodi) G.P.Lewis,Libidibia paraguariensis (D.Parodi) G.P.Lewis,1
0380-12.png,Libidibia paraguariensis (D.Parodi) G.P.Lewis,Libidibia paraguariensis (D.Parodi) G.P.Lewis,1
0380-5.png,Libidibia paraguariensis (D.Parodi) G.P.Lewis,Libidibia paraguariensis (D.Parodi) G.P.Lewis,1
0380-9.png,Libidibia paraguariensis (D.Parodi) G.P.Lewis,Libidibia paraguariensis (D.Parodi) G.P.Lewis,1
0425-11.png,Mezilaurus ita-uba (Meisn.) Taub. ex Mez,Mezilaurus ita-uba (Meisn.) Taub. ex Mez,1
0425-12.png,Mezilaurus ita-uba (Meisn.) Taub. ex Mez,Mezilaurus ita-uba (Meisn.) Taub. ex Mez,1
0030-1.jpg,Amburana cearensis (Allemão) A.C.Sm.,Amburana cearensis (Allemão) A.C.Sm.,1
0034-3.jpg,Anacardium L.,Anacardium L.,1
0070-3.jpg,Pterocarpus soyauxii Taub.,Bagassa guianensis Aubl.,0
0115-2.jpg,Carapa guianensis Aubl.,Carapa guianensis Aubl.,1
0130-1.jpg,Castanea sativa Mill.,Castanea sativa Mill.,1
0257-12.jpg,Entandrophragma candollei Harms,Entandrophragma candollei Harms,1
0257-3.jpg,Entandrophragma candollei Harms,Entandrophragma candollei Harms,1
0294-1.jpg,Fraxinus excelsior L.,Fraxinus excelsior L.,1
0294-7.jpg,Fraxinus excelsior L.,Fraxinus excelsior L.,1
0301-1.jpg,Gilbertiodendron dewevrei (De Wild.) J.Léonard,Gilbertiodendron dewevrei (De Wild.) J.Léonard,1
0301-10.jpg,Gilbertiodendron dewevrei (De Wild.) J.Léonard,Gilbertiodendron dewevrei (De Wild.) J.Léonard,1
0318-1.png,Leplaea cedrata (A.Chev.) E.J.M.Koenen & J.J.de Wilde,Leplaea cedrata (A.Chev.) E.J.M.Koenen & J.J.de Wilde,1
0318-10.png,Leplaea cedrata (A.Chev.) E.J.M.Koenen & J.J.de Wilde,Leplaea cedrata (A.Chev.) E.J.M.Koenen & J.J.de Wilde,1
0396-1.png,Lophira alata Banks ex C.F.Gaertn.,Lophira alata Banks ex C.F.Gaertn.,1
0426-11.png,Microberlinia brazzavillensis A. Chev.,Microberlinia brazzavillensis A. Chev.,1
0426-13.png,Microberlinia brazzavillensis A. Chev.,Microberlinia brazzavillensis A. Chev.,1
0430-1.png,Milicia excelsa (Welw.) C.C. Berg,Milicia excelsa (Welw.) C.C. Berg,1
0430-3.png,Milicia excelsa (Welw.) C.C. Berg,Milicia excelsa (Welw.) C.C. Berg,1
0431-11.png,Millettia laurentii De Wild.,Millettia laurentii De Wild.,1
0431-8.png,Millettia laurentii De Wild.,Millettia laurentii De Wild.,1
0478-12.png,Peltogyne Vogel,Peltogyne Vogel,1
0478-4.png,Intsia bijuga (Colebr.) Kuntze,Peltogyne Vogel,0
0530-1.png,Pterocarpus soyauxii Taub.,Pterocarpus soyauxii Taub.,1
0541-1.png,Pterygota macrocarpa K. Schum.,Pterygota macrocarpa K. Schum.,1
0541-10.png,Pterygota macrocarpa K. Schum.,Pterygota macrocarpa K. Schum.,1
0550-2.png,Quercus robur L.,Quercus mongolica Fisch. ex Ledeb.,0
0621-11.png,Tectona grandis L.,Tectona grandis L.,1
0621-12.png,Tectona grandis L.,Tectona grandis L.,1
0258-4.jpg,Entandrophragma cylindricum (Sprague) Sprague,Entandrophragma cylindricum (Sprague) Sprague,1
0258-5.jpg,Entandrophragma cylindricum (Sprague) Sprague,Entandrophragma cylindricum (Sprague) Sprague,1
0259-4.jpg,Entandrophragma utile (Dawe & Sprague) Sprague,Entandrophragma utile (Dawe & Sprague) Sprague,1
0080-1.jpg,Betula papyrifera Marshall,Betula papyrifera Marshall,1
0081-2.jpg,Betula pendula Roth,Betula pendula Roth,1
0003-1.jpg,Acacia mangium Willd.,Acacia mangium Willd.,1
0003-12.jpg,Acacia mangium Willd.,Acacia mangium Willd.,1
0013-1.jpg,Aesculus hippocastanum L.,Aesculus hippocastanum L.,1
0013-4.jpg,Aesculus hippocastanum L.,Aesculus hippocastanum L.,1
0479-1.png,Peltogyne catingae Ducke,Peltogyne catingae Ducke,1
0479-7.png,Peltogyne catingae Ducke,Peltogyne catingae Ducke,1
0480-4.png,Peltogyne mexicana Martínez,Peltogyne mexicana Martínez,1
0613-1.png,Tabebuia rosea (Bert.) DC.,Tabebuia rosea (Bert.) DC.,1
0613-5.png,Tabebuia rosea (Bert.) DC.,Tabebuia rosea (Bert.) DC.,1
0006-1.jpg,Acer platanoides L.,Acer platanoides L.,1
0007-3.jpg,Acer pseudoplatanus L.,Acer pseudoplatanus L.,1
0461-1.png,Ochroma pyramidale (Cav. ex Lam.) Urb.,Ochroma pyramidale (Cav. ex Lam.) Urb.,1
0461-10.png,Ochroma pyramidale (Cav. ex Lam.) Urb.,Ochroma pyramidale (Cav. ex Lam.) Urb.,1
0461-13.png,Ochroma pyramidale (Cav. ex Lam.) Urb.,Ochroma pyramidale (Cav. ex Lam.) Urb.,1
0323-11.jpg,Guibourtia demeusei (Harms) J.Léonard,Guibourtia demeusei (Harms) J.Léonard,1
0323-5.jpg,Guibourtia demeusei (Harms) J.Léonard,Guibourtia demeusei (Harms) J.Léonard,1
0324-3.png,Guibourtia pellegriniana J.Léonard,Guibourtia pellegriniana J.Léonard,1
0324-5.png,Guibourtia pellegriniana J.Léonard,Guibourtia pellegriniana J.Léonard,1
0325-12.jpg,Guibourtia tessmannii (Harms) J.Léonard,Guibourtia tessmannii (Harms) J.Léonard,1
0325-2.jpg,Guibourtia tessmannii (Harms) J.Léonard,Guibourtia tessmannii (Harms) J.Léonard,1
0542-1.png,Pycnanthus angolensis (Welw.) Warb.,Pycnanthus angolensis (Welw.) Warb.,1
0542-9.png,Pycnanthus angolensis (Welw.) Warb.,Pycnanthus angolensis (Welw.) Warb.,1
0606-1.png,Swietenia humilis Zucc.,Swietenia humilis Zucc.,1
0606-2.png,Grevillea robusta A.Cunn. ex R.Br.,Swietenia humilis Zucc.,0
0607-1.jpg,Swietenia macrophylla King,Swietenia macrophylla King,1
0607-11.jpg,Swietenia mahagoni (L.) Jacq.,Swietenia macrophylla King,0
0608-1.jpg,Swietenia mahagoni (L.) Jacq.,Swietenia mahagoni (L.) Jacq.,1
0608-10.jpg,Swietenia mahagoni (L.) Jacq.,Swietenia mahagoni (L.) Jacq.,1
0371-1.png,Khaya grandifoliola C.DC.,Khaya grandifoliola C.DC.,1
0371-10.png,Khaya grandifoliola C.DC.,Khaya grandifoliola C.DC.,1
0372-11.png,Khaya ivorensis A.Chev.,Khaya ivorensis A.Chev.,1
0372-3.png,Khaya ivorensis A.Chev.,Khaya ivorensis A.Chev.,1
0033-1.jpg,Anacardium excelsum (Bertero & Balb. ex Kunth) Skeels,Anacardium excelsum (Bertero & Balb. ex Kunth) Skeels,1
0035-3.jpg,Anacardium giganteum Hancock ex Engl.,Anacardium giganteum Hancock ex Engl.,1
0129-1.jpg,Castanea crenata Siebold & Zucc.,Castanea crenata Siebold & Zucc.,1
0147-1.jpg,Ceiba pentandra (L.) Gaertn.,Ceiba pentandra (L.) Gaertn.,1
0147-10.jpg,Ceiba pentandra (L.) Gaertn.,Ceiba pentandra (L.) Gaertn.,1
0269-10.jpg,Erythrophleum ivorense A. Chev,Erythrophleum ivorense A. Chev,1
0269-6.jpg,Erythrophleum ivorense A. Chev,Erythrophleum ivorense A. Chev,1
0270-1.jpg,Erythrophleum suaveolens (Guill. & Perr.) Brenan,Erythrophleum suaveolens (Guill. & Perr.) Brenan,1
0270-8.jpg,Erythrophleum ivorense A. Chev,Erythrophleum suaveolens (Guill. & Perr.) Brenan,0
0214-1.jpg,Daniellia thurifera Benn.,Daniellia thurifera Benn.,1
0625-10.png,Terminalia superba Engl.& Diels,Terminalia superba Engl.& Diels,1
0625-11.png,Terminalia superba Engl.& Diels,Terminalia superba Engl.& Diels,1
0293-1.jpg,Fraxinus americana L.,Fraxinus americana L.,1
0297-11.jpg,Fraxinus mandshurica Rupr.,Fraxinus mandshurica Rupr.,1
0295-1.jpg,Fraxinus nigra Marshall,Fraxinus nigra Marshall,1
0296-4.jpg,Fraxinus ornus L.,Fraxinus ornus L.,1
0678-9.jpg,Albizia ferruginea (Guill. & Perr.) Benth.,Albizia ferruginea (Guill. & Perr.) Benth.,1
0244-1.jpg,Dryobalanops C.F.Gaertn.,Dryobalanops C.F.Gaertn.,1
0244-10.jpg,Dryobalanops C.F.Gaertn.,Dryobalanops C.F.Gaertn.,1
0245-10.jpg,Dryobalanops aromatica C.F.Gaertn.,Dryobalanops aromatica C.F.Gaertn.,1
0245-11.jpg,Dryobalanops aromatica C.F.Gaertn.,Dryobalanops aromatica C.F.Gaertn.,1
0375-1.png,Koompassia malaccensis Maing.,Koompassia malaccensis Maing.,1
0236-11.jpg,Dipterocarpus C.F.Gaertn.,Dipterocarpus C.F.Gaertn.,1
0236-2.jpg,Dipterocarpus C.F.Gaertn.,Dipterocarpus C.F.Gaertn.,1
0238-1.jpg,Dipterocarpus kerrii King,Dipterocarpus kerrii King,1
0238-10.jpg,Dipterocarpus kerrii King,Dipterocarpus kerrii King,1
0302-1.jpg,Gilbertiodendron preussii (Harms) J.Léonard,Gilbertiodendron preussii (Harms) J.Léonard,1
0302-10.jpg,Gilbertiodendron dewevrei (De Wild.) J.Léonard,Gilbertiodendron preussii (Harms) J.Léonard,0
0418-1.png,Mansonia altissima (A. Chev.) A. Chev.,Mansonia altissima (A. Chev.) A. Chev.,1
0418-10.png,Mansonia altissima (A. Chev.) A. Chev.,Mansonia altissima (A. Chev.) A. Chev.,1
0353-1.png,Intsia Thouars,Intsia Thouars,1
0353-10.png,Intsia Thouars,Intsia Thouars,1
0354-11.png,Intsia bijuga (Colebr.) Kuntze,Intsia bijuga (Colebr.) Kuntze,1
0354-2.png,Intsia bijuga (Colebr.) Kuntze,Intsia bijuga (Colebr.) Kuntze,1
0326-1.jpg,Guibourtia ehie (A. Chev.) J. Léonard,Guibourtia ehie (A. Chev.) J. Léonard,1
0326-10.jpg,Guibourtia ehie (A. Chev.) J. Léonard,Guibourtia ehie (A. Chev.) J. Léonard,1
0091-3.jpg,Brachystegia Benth.,Brachystegia Benth.,1
0091-4.jpg,Brachystegia laurentii (De Wild.) Louis ex J.Léonard,Brachystegia Benth.,0
0092-1.jpg,Brachystegia cynometroides Harms,Brachystegia cynometroides Harms,1
0092-10.jpg,Peltogyne Vogel,Brachystegia cynometroides Harms,0
0093-2.jpg,Brachystegia Benth.,Brachystegia laurentii (De Wild.) Louis ex J.Léonard,0
0093-3.jpg,Brachystegia Benth.,Brachystegia laurentii (De Wild.) Louis ex J.Léonard,0
0331-1.jpg,Heritiera utilis (Sprague) Sprague,Heritiera utilis (Sprague) Sprague,1
0367-1.png,Juglans nigra L.,Juglans nigra L.,1
0366-1.png,Juglans regia L.,Juglans regia L.,1
0399-12.png,Lovoa trichilioides Harms,Lovoa trichilioides Harms,1
0399-13.png,Lovoa trichilioides Harms,Lovoa trichilioides Harms,1
0399-16.png,Lovoa trichilioides Harms,Lovoa trichilioides Harms,1
0066-1.jpg,Aucoumea klaineana Pierre,Aucoumea klaineana Pierre,1
0066-4.jpg,Aucoumea klaineana Pierre,Aucoumea klaineana Pierre,1
0552-1.png,Quercus alba L.,Quercus alba L.,1
0552-10.png,Quercus alba L.,Quercus alba L.,1
0553-5.png,Quercus petraea (Matt.) Liebl.,Quercus petraea (Matt.) Liebl.,1
0554-1.png,Quercus robur L.,Quercus robur L.,1
0554-7.png,Quercus robur L.,Quercus robur L.,1
0648-5.png,Triplochiton scleroxylon K. Schum.,Triplochiton scleroxylon K. Schum.,1
0256-1.jpg,Entandrophragma angolense (Welw.) Panshin,Entandrophragma angolense (Welw.) Panshin,1
0256-3.jpg,Entandrophragma angolense (Welw.) Panshin,Entandrophragma angolense (Welw.) Panshin,1
0072-3.jpg,Baillonella toxisperma Pierre,Baillonella toxisperma Pierre,1
0072-5.jpg,Baillonella toxisperma Pierre,Baillonella toxisperma Pierre,1
0073-1.jpg,Balfourodendron riedelianum (Engl.) Engl.,Balfourodendron riedelianum (Engl.) Engl.,1
0073-11.jpg,Balfourodendron riedelianum (Engl.) Engl.,Balfourodendron riedelianum (Engl.) Engl.,1
0679-10.jpg,Betula papyrifera Marshall,Aningeria Aubrév. & Pellegr.,0
0009-2.png,Leptolobium Vogel,Leptolobium Vogel,1
0041-1.png,Aesculus hippocastanum L.,Aniba rosodora Ducke,0
0045-1.jpg,Anopyxis klaineana (Pierre) Engl.,Anopyxis klaineana (Pierre) Engl.,1
0045-10.jpg,Anopyxis klaineana (Pierre) Engl.,Anopyxis klaineana (Pierre) Engl.,1
0071-1.jpg,Baikiaea plurijuga Harms,Baikiaea plurijuga Harms,1
0071-2.jpg,Baikiaea plurijuga Harms,Baikiaea plurijuga Harms,1
0085-1.jpg,Bobgunnia fistuloides (Harms) J.H. Kirkbr. & Wiersema,Bobgunnia fistuloides (Harms) J.H. Kirkbr. & Wiersema,1
0085-11.jpg,Bobgunnia fistuloides (Harms) J.H. Kirkbr. & Wiersema,Bobgunnia fistuloides (Harms) J.H. Kirkbr. & Wiersema,1
0095-10.jpg,Brosimum alicastrum Swartz,Brosimum alicastrum Swartz,1
0095-11.jpg,Ceriops tagal (Perr.) C.B. Robinson,Brosimum alicastrum Swartz,0
0096-11.jpg,Brosimum guianense (Aubl.) Huber ex Ducke,Brosimum guianense (Aubl.) Huber ex Ducke,1
0096-14.jpg,Brosimum guianense (Aubl.) Huber ex Ducke,Brosimum guianense (Aubl.) Huber ex Ducke,1
0114-1.jpg,Cantleya corniculata (Becc.) R.A.Howard,Cantleya corniculata (Becc.) R.A.Howard,1
0114-4.jpg,Cantleya corniculata (Becc.) R.A.Howard,Cantleya corniculata (Becc.) R.A.Howard,1
0157-3.jpg,Aesculus hippocastanum L.,Ceriops tagal (Perr.) C.B. Robinson,0
0158-7.jpg,"Chlorocardium rodiei (R.H.Schomb.) Rohwer, H.G.Richt. & van der Werff","Chlorocardium rodiei (R.H.Schomb.) Rohwer, H.G.Richt. & van der Werff",1
0181-1.jpg,Ceriops tagal (Perr.) C.B. Robinson,Cotylelobium Pierre,0
0195-10.jpg,Juglans nigra L.,Ctenolophon parvifolius Oliv.,0
0195-4.jpg,Ctenolophon parvifolius Oliv.,Ctenolophon parvifolius Oliv.,1
0207-1.png,Dalbergia nigra (Vell.) Allemão ex Benth.,Dalbergia nigra (Vell.) Allemão ex Benth.,1
0207-11.png,Dalbergia nigra (Vell.) Allemão ex Benth.,Dalbergia nigra (Vell.) Allemão ex Benth.,1
0239-7.jpg,Juglans regia L.,Dipteryx odorata (Aubl.) Forsyth f.,0
0243-1.jpg,Dracontomelon dao (Blanco) Merr. & Rolfe,Dracontomelon dao (Blanco) Merr. & Rolfe,1
0243-10.jpg,Dracontomelon dao (Blanco) Merr. & Rolfe,Dracontomelon dao (Blanco) Merr. & Rolfe,1
0313-1.jpg,Grevillea robusta A.Cunn. ex R.Br.,Grevillea robusta A.Cunn. ex R.Br.,1
0313-11.jpg,Juglans regia L.,Grevillea robusta A.Cunn. ex R.Br.,0
0380-16.png,Libidibia paraguariensis (D.Parodi) G.P.Lewis,Libidibia paraguariensis (D.Parodi) G.P.Lewis,1
0380-21.png,Libidibia paraguariensis (D.Parodi) G.P.Lewis,Libidibia paraguariensis (D.Parodi) G.P.Lewis,1
0380-7.png,Mansonia altissima (A. Chev.) A. Chev.,Libidibia paraguariensis (D.Parodi) G.P.Lewis,0
0425-1.png,Mezilaurus ita-uba (Meisn.) Taub. ex Mez,Mezilaurus ita-uba (Meisn.) Taub. ex Mez,1
0425-10.png,Mezilaurus ita-uba (Meisn.) Taub. ex Mez,Mezilaurus ita-uba (Meisn.) Taub. ex Mez,1
